date,x,y
01-01-09,1,8776.39
02-01-09,2,9034.69
03-01-09,3,9034.69
04-01-09,4,9034.69
05-01-09,5,8952.89
06-01-09,6,9015.1
07-01-09,7,8769.7
08-01-09,8,8742.46
09-01-09,9,8599.18
10-01-09,10,8599.18
11-01-09,11,8599.18
12-01-09,12,8473.97
13-01-09,13,8448.56
14-01-09,14,8200.14
15-01-09,15,8212.49
16-01-09,16,8281.22
17-01-09,17,8281.22
18-01-09,18,8281.22
19-01-09,19,8281.22
20-01-09,20,7949.09
21-01-09,21,8228.1
22-01-09,22,8122.8
23-01-09,23,8077.56
24-01-09,24,8077.56
25-01-09,25,8077.56
26-01-09,26,8116.03
27-01-09,27,8174.73
28-01-09,28,8375.45
29-01-09,29,8149.01
30-01-09,30,8000.86
31-01-09,31,8000.86
01-02-09,32,8000.86
02-02-09,33,7936.83
03-02-09,34,8078.36
04-02-09,35,7956.66
05-02-09,36,8063.07
06-02-09,37,8280.59
07-02-09,38,8280.59
08-02-09,39,8280.59
09-02-09,40,8270.87
10-02-09,41,7888.88
11-02-09,42,7939.53
12-02-09,43,7932.76
13-02-09,44,7850.41
14-02-09,45,7850.41
15-02-09,46,7850.41
16-02-09,47,7850.41
17-02-09,48,7552.6
18-02-09,49,7555.63
19-02-09,50,7465.95
20-02-09,51,7365.67
21-02-09,52,7365.67
22-02-09,53,7365.67
23-02-09,54,7114.78
24-02-09,55,7350.94
25-02-09,56,7270.89
26-02-09,57,7182.08
27-02-09,58,7062.93
28-02-09,59,7062.93
01-03-09,60,7062.93
02-03-09,61,6763.29
03-03-09,62,6726.02
04-03-09,63,6875.84
05-03-09,64,6594.44
06-03-09,65,6626.94
07-03-09,66,6626.94
08-03-09,67,6626.94
09-03-09,68,6547.05
10-03-09,69,6926.49
11-03-09,70,6930.4
12-03-09,71,7170.06
13-03-09,72,7223.98
14-03-09,73,7223.98
15-03-09,74,7223.98
16-03-09,75,7216.97
17-03-09,76,7395.7
18-03-09,77,7486.58
19-03-09,78,7400.8
20-03-09,79,7278.38
21-03-09,80,7278.38
22-03-09,81,7278.38
23-03-09,82,7775.86
24-03-09,83,7659.97
25-03-09,84,7749.81
26-03-09,85,7924.56
27-03-09,86,7776.18
28-03-09,87,7776.18
29-03-09,88,7776.18
30-03-09,89,7522.02
31-03-09,90,7608.92
01-04-09,91,7761.6
02-04-09,92,7978.08
03-04-09,93,8017.59
04-04-09,94,8017.59
05-04-09,95,8017.59
06-04-09,96,7975.85
07-04-09,97,7789.56
08-04-09,98,7837.11
09-04-09,99,8083.38
10-04-09,100,8083.38
11-04-09,101,8083.38
12-04-09,102,8083.38
13-04-09,103,8057.81
14-04-09,104,7920.18
15-04-09,105,8029.62
16-04-09,106,8125.43
17-04-09,107,8131.33
18-04-09,108,8131.33
19-04-09,109,8131.33
20-04-09,110,7841.73
21-04-09,111,7969.56
22-04-09,112,7886.57
23-04-09,113,7957.06
24-04-09,114,8076.29
25-04-09,115,8076.29
26-04-09,116,8076.29
27-04-09,117,8025
28-04-09,118,8016.95
29-04-09,119,8185.73
30-04-09,120,8168.12
01-05-09,121,8212.41
02-05-09,122,8212.41
03-05-09,123,8212.41
04-05-09,124,8426.74
05-05-09,125,8410.65
06-05-09,126,8512.28
07-05-09,127,8409.85
08-05-09,128,8574.65
09-05-09,129,8574.65
10-05-09,130,8574.65
11-05-09,131,8418.77
12-05-09,132,8469.11
13-05-09,133,8284.89
14-05-09,134,8331.32
15-05-09,135,8268.64
16-05-09,136,8268.64
17-05-09,137,8268.64
18-05-09,138,8504.08
19-05-09,139,8474.85
20-05-09,140,8422.04
21-05-09,141,8292.13
22-05-09,142,8277.32
23-05-09,143,8277.32
24-05-09,144,8277.32
25-05-09,145,8277.32
26-05-09,146,8473.49
27-05-09,147,8300.02
28-05-09,148,8403.8
29-05-09,149,8500.33
30-05-09,150,8500.33
31-05-09,151,8500.33
01-06-09,152,8721.44
02-06-09,153,8740.87
03-06-09,154,8675.28
04-06-09,155,8750.24
05-06-09,156,8763.13
06-06-09,157,8763.13
07-06-09,158,8763.13
08-06-09,159,8764.49
09-06-09,160,8763.06
10-06-09,161,8739.02
11-06-09,162,8770.92
12-06-09,163,8799.26
13-06-09,164,8799.26
14-06-09,165,8799.26
15-06-09,166,8612.13
16-06-09,167,8504.67
17-06-09,168,8497.18
18-06-09,169,8555.6
19-06-09,170,8539.73
20-06-09,171,8539.73
21-06-09,172,8539.73
22-06-09,173,8339.01
23-06-09,174,8322.91
24-06-09,175,8299.86
25-06-09,176,8472.4
26-06-09,177,8438.39
27-06-09,178,8438.39
28-06-09,179,8438.39
29-06-09,180,8529.38
30-06-09,181,8447
01-07-09,182,8504.06
02-07-09,183,8280.74
03-07-09,184,8280.74
04-07-09,185,8280.74
05-07-09,186,8280.74
06-07-09,187,8324.87
07-07-09,188,8163.6
08-07-09,189,8178.41
09-07-09,190,8183.17
10-07-09,191,8146.52
11-07-09,192,8146.52
12-07-09,193,8146.52
13-07-09,194,8331.68
14-07-09,195,8359.49
15-07-09,196,8616.21
16-07-09,197,8711.82
17-07-09,198,8743.94
18-07-09,199,8743.94
19-07-09,200,8743.94
20-07-09,201,8848.15
21-07-09,202,8915.94
22-07-09,203,8881.26
23-07-09,204,9069.29
24-07-09,205,9093.24
25-07-09,206,9093.24
26-07-09,207,9093.24
27-07-09,208,9108.51
28-07-09,209,9096.72
29-07-09,210,9070.72
30-07-09,211,9154.46
31-07-09,212,9171.61
01-08-09,213,9171.61
02-08-09,214,9171.61
03-08-09,215,9286.56
04-08-09,216,9320.19
05-08-09,217,9280.97
06-08-09,218,9256.26
07-08-09,219,9370.07
08-08-09,220,9370.07
09-08-09,221,9370.07
10-08-09,222,9337.95
11-08-09,223,9241.45
12-08-09,224,9361.61
13-08-09,225,9398.19
14-08-09,226,9321.4
15-08-09,227,9321.4
16-08-09,228,9321.4
17-08-09,229,9135.34
18-08-09,230,9217.94
19-08-09,231,9279.16
20-08-09,232,9350.05
21-08-09,233,9505.96
22-08-09,234,9505.96
23-08-09,235,9505.96
24-08-09,236,9509.28
25-08-09,237,9539.29
26-08-09,238,9543.52
27-08-09,239,9580.63
28-08-09,240,9544.2
29-08-09,241,9544.2
30-08-09,242,9544.2
31-08-09,243,9496.28
01-09-09,244,9310.6
02-09-09,245,9280.67
03-09-09,246,9344.61
04-09-09,247,9441.27
05-09-09,248,9441.27
06-09-09,249,9441.27
07-09-09,250,9441.27
08-09-09,251,9497.34
09-09-09,252,9547.22
10-09-09,253,9627.48
11-09-09,254,9605.41
12-09-09,255,9605.41
13-09-09,256,9605.41
14-09-09,257,9626.8
15-09-09,258,9683.41
16-09-09,259,9791.71
17-09-09,260,9783.92
18-09-09,261,9820.2
19-09-09,262,9820.2
20-09-09,263,9820.2
21-09-09,264,9778.86
22-09-09,265,9829.87
23-09-09,266,9748.55
24-09-09,267,9707.44
25-09-09,268,9665.19
26-09-09,269,9665.19
27-09-09,270,9665.19
28-09-09,271,9789.36
29-09-09,272,9742.2
30-09-09,273,9712.28
01-10-09,274,9509.28
02-10-09,275,9487.67
03-10-09,276,9487.67
04-10-09,277,9487.67
05-10-09,278,9599.75
06-10-09,279,9731.25
07-10-09,280,9725.58
08-10-09,281,9786.87
09-10-09,282,9864.94
10-10-09,283,9864.94
11-10-09,284,9864.94
12-10-09,285,9885.8
13-10-09,286,9871.06
14-10-09,287,10015.86
15-10-09,288,10062.94
16-10-09,289,9995.91
17-10-09,290,9995.91
18-10-09,291,9995.91
19-10-09,292,10092.19
20-10-09,293,10041.48
21-10-09,294,9949.36
22-10-09,295,10081.31
23-10-09,296,9972.18
24-10-09,297,9972.18
25-10-09,298,9972.18
26-10-09,299,9867.96
27-10-09,300,9882.17
28-10-09,301,9762.69
29-10-09,302,9962.58
30-10-09,303,9712.73
31-10-09,304,9712.73
01-11-09,305,9712.73
02-11-09,306,9789.44
03-11-09,307,9771.91
04-11-09,308,9802.14
05-11-09,309,10005.96
06-11-09,310,10023.42
07-11-09,311,10023.42
08-11-09,312,10023.42
09-11-09,313,10226.94
10-11-09,314,10246.97
11-11-09,315,10291.26
12-11-09,316,10197.47
13-11-09,317,10270.47
14-11-09,318,10270.47
15-11-09,319,10270.47
16-11-09,320,10406.96
17-11-09,321,10437.42
18-11-09,322,10426.31
19-11-09,323,10332.44
20-11-09,324,10318.16
21-11-09,325,10318.16
22-11-09,326,10318.16
23-11-09,327,10450.95
24-11-09,328,10433.71
25-11-09,329,10464.4
26-11-09,330,10464.4
27-11-09,331,10309.92
28-11-09,332,10309.92
29-11-09,333,10309.92
30-11-09,334,10344.84
01-12-09,335,10471.58
02-12-09,336,10452.68
03-12-09,337,10366.15
04-12-09,338,10388.9
05-12-09,339,10388.9
06-12-09,340,10388.9
07-12-09,341,10390.11
08-12-09,342,10285.97
09-12-09,343,10337.05
10-12-09,344,10405.83
11-12-09,345,10471.5
12-12-09,346,10471.5
13-12-09,347,10471.5
14-12-09,348,10501.05
15-12-09,349,10452
16-12-09,350,10441.12
17-12-09,351,10308.26
18-12-09,352,10328.89
19-12-09,353,10328.89
20-12-09,354,10328.89
21-12-09,355,10414.14
22-12-09,356,10464.93
23-12-09,357,10466.44
24-12-09,358,10520.1
25-12-09,359,10520.1
26-12-09,360,10520.1
27-12-09,361,10520.1
28-12-09,362,10547.08
29-12-09,363,10545.41
30-12-09,364,10548.51
31-12-09,365,10428.05
01-01-10,1,10428.05
02-01-10,2,10428.05
03-01-10,3,10428.05
04-01-10,4,10583.96
05-01-10,5,10572.02
06-01-10,6,10573.68
07-01-10,7,10606.86
08-01-10,8,10618.19
09-01-10,9,10618.19
10-01-10,10,10618.19
11-01-10,11,10663.99
12-01-10,12,10627.26
13-01-10,13,10680.77
14-01-10,14,10710.55
15-01-10,15,10609.65
16-01-10,16,10609.65
17-01-10,17,10609.65
18-01-10,18,10609.65
19-01-10,19,10725.43
20-01-10,20,10603.15
21-01-10,21,10389.88
22-01-10,22,10172.98
23-01-10,23,10172.98
24-01-10,24,10172.98
25-01-10,25,10196.86
26-01-10,26,10194.29
27-01-10,27,10236.16
28-01-10,28,10120.46
29-01-10,29,10067.33
30-01-10,30,10067.33
31-01-10,31,10067.33
01-02-10,32,10185.53
02-02-10,33,10296.85
03-02-10,34,10270.55
04-02-10,35,10002.18
05-02-10,36,10012.23
06-02-10,37,10012.23
07-02-10,38,10012.23
08-02-10,39,9908.39
09-02-10,40,10058.64
10-02-10,41,10038.38
11-02-10,42,10144.19
12-02-10,43,10099.14
13-02-10,44,10099.14
14-02-10,45,10099.14
15-02-10,46,10099.14
16-02-10,47,10268.81
17-02-10,48,10309.24
18-02-10,49,10392.9
19-02-10,50,10402.35
20-02-10,51,10402.35
21-02-10,52,10402.35
22-02-10,53,10383.38
23-02-10,54,10282.41
24-02-10,55,10374.16
25-02-10,56,10321.03
26-02-10,57,10325.26
27-02-10,58,10325.26
28-02-10,59,10325.26
01-03-10,60,10403.79
02-03-10,61,10405.98
03-03-10,62,10396.76
04-03-10,63,10444.14
05-03-10,64,10566.2
06-03-10,65,10566.2
07-03-10,66,10566.2
08-03-10,67,10552.52
09-03-10,68,10564.38
10-03-10,69,10567.33
11-03-10,70,10611.84
12-03-10,71,10624.69
13-03-10,72,10624.69
14-03-10,73,10624.69
15-03-10,74,10642.15
16-03-10,75,10685.98
17-03-10,76,10733.67
18-03-10,77,10779.17
19-03-10,78,10741.98
20-03-10,79,10741.98
21-03-10,80,10741.98
22-03-10,81,10785.89
23-03-10,82,10888.83
24-03-10,83,10836.15
25-03-10,84,10841.21
26-03-10,85,10850.36
27-03-10,86,10850.36
28-03-10,87,10850.36
29-03-10,88,10895.86
30-03-10,89,10907.42
31-03-10,90,10856.63
01-04-10,91,10927.07
02-04-10,92,10927.07
03-04-10,93,10927.07
04-04-10,94,10927.07
05-04-10,95,10973.55
06-04-10,96,10969.99
07-04-10,97,10897.52
08-04-10,98,10927.07
09-04-10,99,10997.35
10-04-10,100,10997.35
11-04-10,101,10997.35
12-04-10,102,11005.97
13-04-10,103,11019.42
14-04-10,104,11123.11
15-04-10,105,11144.57
16-04-10,106,11018.66
17-04-10,107,11018.66
18-04-10,108,11018.66
19-04-10,109,11092.05
20-04-10,110,11117.06
21-04-10,111,11124.92
22-04-10,112,11134.29
23-04-10,113,11204.28
24-04-10,114,11204.28
25-04-10,115,11204.28
26-04-10,116,11205.03
27-04-10,117,10991.99
28-04-10,118,11045.27
29-04-10,119,11167.32
30-04-10,120,11008.61
01-05-10,121,11008.61
02-05-10,122,11008.61
03-05-10,123,11151.83
04-05-10,124,10926.77
05-05-10,125,10868.12
06-05-10,126,10520.32
07-05-10,127,10380.43
08-05-10,128,10380.43
09-05-10,129,10380.43
10-05-10,130,10785.14
11-05-10,131,10748.26
12-05-10,132,10896.91
13-05-10,133,10782.95
14-05-10,134,10620.16
15-05-10,135,10620.16
16-05-10,136,10620.16
17-05-10,137,10625.83
18-05-10,138,10510.95
19-05-10,139,10444.37
20-05-10,140,10068.01
21-05-10,141,10193.39
22-05-10,142,10193.39
23-05-10,143,10193.39
24-05-10,144,10066.57
25-05-10,145,10043.75
26-05-10,146,9974.45
27-05-10,147,10258.99
28-05-10,148,10136.63
29-05-10,149,10136.63
30-05-10,150,10136.63
31-05-10,151,10136.63
01-06-10,152,10024.02
02-06-10,153,10249.54
03-06-10,154,10255.28
04-06-10,155,9931.97
05-06-10,156,9931.97
06-06-10,157,9931.97
07-06-10,158,9816.49
08-06-10,159,9939.98
09-06-10,160,9899.25
10-06-10,161,10172.53
11-06-10,162,10211.07
12-06-10,163,10211.07
13-06-10,164,10211.07
14-06-10,165,10190.89
15-06-10,166,10404.77
16-06-10,167,10409.46
17-06-10,168,10434.17
18-06-10,169,10450.64
19-06-10,170,10450.64
20-06-10,171,10450.64
21-06-10,172,10442.41
22-06-10,173,10293.52
23-06-10,174,10298.44
24-06-10,175,10152.8
25-06-10,176,10143.81
26-06-10,177,10143.81
27-06-10,178,10143.81
28-06-10,179,10138.52
29-06-10,180,9870.3
30-06-10,181,9774.02
01-07-10,182,9732.53
02-07-10,183,9686.48
03-07-10,184,9686.48
04-07-10,185,9686.48
05-07-10,186,9686.48
06-07-10,187,9743.62
07-07-10,188,10018.28
08-07-10,189,10138.99
09-07-10,190,10198.03
10-07-10,191,10198.03
11-07-10,192,10198.03
12-07-10,193,10216.27
13-07-10,194,10363.02
14-07-10,195,10366.72
15-07-10,196,10359.31
16-07-10,197,10097.9
17-07-10,198,10097.9
18-07-10,199,10097.9
19-07-10,200,10154.43
20-07-10,201,10229.96
21-07-10,202,10120.53
22-07-10,203,10322.3
23-07-10,204,10424.62
24-07-10,205,10424.62
25-07-10,206,10424.62
26-07-10,207,10525.43
27-07-10,208,10537.69
28-07-10,209,10497.88
29-07-10,210,10467.16
30-07-10,211,10465.94
31-07-10,212,10465.94
01-08-10,213,10465.94
02-08-10,214,10674.38
03-08-10,215,10636.38
04-08-10,216,10680.43
05-08-10,217,10674.98
06-08-10,218,10653.56
07-08-10,219,10653.56
08-08-10,220,10653.56
09-08-10,221,10698.75
10-08-10,222,10644.25
11-08-10,223,10378.83
12-08-10,224,10319.95
13-08-10,225,10303.15
14-08-10,226,10303.15
15-08-10,227,10303.15
16-08-10,228,10302.01
17-08-10,229,10405.85
18-08-10,230,10415.54
19-08-10,231,10271.21
20-08-10,232,10213.62
21-08-10,233,10213.62
22-08-10,234,10213.62
23-08-10,235,10174.41
24-08-10,236,10040.45
25-08-10,237,10060.06
26-08-10,238,9985.81
27-08-10,239,10150.65
28-08-10,240,10150.65
29-08-10,241,10150.65
30-08-10,242,10009.73
31-08-10,243,10014.72
01-09-10,244,10269.47
02-09-10,245,10320.1
03-09-10,246,10447.93
04-09-10,247,10447.93
05-09-10,248,10447.93
06-09-10,249,10447.93
07-09-10,250,10340.69
08-09-10,251,10387.01
09-09-10,252,10415.24
10-09-10,253,10462.77
11-09-10,254,10462.77
12-09-10,255,10462.77
13-09-10,256,10544.13
14-09-10,257,10526.49
15-09-10,258,10572.73
16-09-10,259,10594.83
17-09-10,260,10607.85
18-09-10,261,10607.85
19-09-10,262,10607.85
20-09-10,263,10753.62
21-09-10,264,10761.03
22-09-10,265,10739.31
23-09-10,266,10662.42
24-09-10,267,10860.26
25-09-10,268,10860.26
26-09-10,269,10860.26
27-09-10,270,10812.04
28-09-10,271,10858.14
29-09-10,272,10835.28
30-09-10,273,10788.05
01-10-10,274,10829.68
02-10-10,275,10829.68
03-10-10,276,10829.68
04-10-10,277,10751.27
05-10-10,278,10944.72
06-10-10,279,10967.65
07-10-10,280,10948.58
08-10-10,281,11006.48
09-10-10,282,11006.48
10-10-10,283,11006.48
11-10-10,284,11010.34
12-10-10,285,11020.4
13-10-10,286,11096.08
14-10-10,287,11094.57
15-10-10,288,11062.78
16-10-10,289,11062.78
17-10-10,290,11062.78
18-10-10,291,11143.69
19-10-10,292,10978.62
20-10-10,293,11107.97
21-10-10,294,11146.57
22-10-10,295,11132.56
23-10-10,296,11132.56
24-10-10,297,11132.56
25-10-10,298,11164.05
26-10-10,299,11169.46
27-10-10,300,11126.28
28-10-10,301,11113.95
29-10-10,302,11118.49
30-10-10,303,11118.49
31-10-10,304,11118.49
01-11-10,305,11124.62
02-11-10,306,11188.72
03-11-10,307,11215.13
04-11-10,308,11434.84
05-11-10,309,11444.08
06-11-10,310,11444.08
07-11-10,311,11444.08
08-11-10,312,11406.84
09-11-10,313,11346.75
10-11-10,314,11357.04
11-11-10,315,11283.1
12-11-10,316,11192.58
13-11-10,317,11192.58
14-11-10,318,11192.58
15-11-10,319,11201.97
16-11-10,320,11023.5
17-11-10,321,11007.88
18-11-10,322,11181.23
19-11-10,323,11203.55
20-11-10,324,11203.55
21-11-10,325,11203.55
22-11-10,326,11178.58
23-11-10,327,11036.37
24-11-10,328,11187.28
25-11-10,329,11187.28
26-11-10,330,11092
27-11-10,331,11092
28-11-10,332,11092
29-11-10,333,11052.49
30-11-10,334,11006.02
01-12-10,335,11255.78
02-12-10,336,11362.41
03-12-10,337,11382.09
04-12-10,338,11382.09
05-12-10,339,11382.09
06-12-10,340,11362.19
07-12-10,341,11359.16
08-12-10,342,11372.48
09-12-10,343,11370.06
10-12-10,344,11410.32
11-12-10,345,11410.32
12-12-10,346,11410.32
13-12-10,347,11428.56
14-12-10,348,11476.54
15-12-10,349,11457.47
16-12-10,350,11499.25
17-12-10,351,11491.91
18-12-10,352,11491.91
19-12-10,353,11491.91
20-12-10,354,11478.13
21-12-10,355,11533.16
22-12-10,356,11559.49
23-12-10,357,11573.49
24-12-10,358,11573.49
25-12-10,359,11573.49
26-12-10,360,11573.49
27-12-10,361,11555.03
28-12-10,362,11575.54
29-12-10,363,11585.38
30-12-10,364,11569.71
31-12-10,365,11577.51
01-01-11,1,11577.51
02-01-11,2,11577.51
03-01-11,3,11670.75
04-01-11,4,11691.18
05-01-11,5,11722.89
06-01-11,6,11697.31
07-01-11,7,11674.76
08-01-11,8,11674.76
09-01-11,9,11674.76
10-01-11,10,11637.45
11-01-11,11,11671.88
12-01-11,12,11755.44
13-01-11,13,11731.9
14-01-11,14,11787.38
15-01-11,15,11787.38
16-01-11,16,11787.38
17-01-11,17,11787.38
18-01-11,18,11837.93
19-01-11,19,11825.29
20-01-11,20,11822.8
21-01-11,21,11871.84
22-01-11,22,11871.84
23-01-11,23,11871.84
24-01-11,24,11980.52
25-01-11,25,11977.19
26-01-11,26,11985.44
27-01-11,27,11989.83
28-01-11,28,11823.7
29-01-11,29,11823.7
30-01-11,30,11823.7
31-01-11,31,11891.93
01-02-11,32,12040.16
02-02-11,33,12041.97
03-02-11,34,12062.26
04-02-11,35,12092.15
05-02-11,36,12092.15
06-02-11,37,12092.15
07-02-11,38,12161.63
08-02-11,39,12233.15
09-02-11,40,12239.89
10-02-11,41,12229.29
11-02-11,42,12273.26
12-02-11,43,12273.26
13-02-11,44,12273.26
14-02-11,45,12268.19
15-02-11,46,12226.64
16-02-11,47,12288.17
17-02-11,48,12318.14
18-02-11,49,12391.25
19-02-11,50,12391.25
20-02-11,51,12391.25
21-02-11,52,12391.25
22-02-11,53,12212.79
23-02-11,54,12105.78
24-02-11,55,12068.5
25-02-11,56,12130.45
26-02-11,57,12130.45
27-02-11,58,12130.45
28-02-11,59,12226.34
01-03-11,60,12058.02
02-03-11,61,12066.8
03-03-11,62,12258.2
04-03-11,63,12169.88
05-03-11,64,12169.88
06-03-11,65,12169.88
07-03-11,66,12090.03
08-03-11,67,12214.38
09-03-11,68,12213.09
10-03-11,69,11984.61
11-03-11,70,12044.4
12-03-11,71,12044.4
13-03-11,72,12044.4
14-03-11,73,11993.16
15-03-11,74,11855.42
16-03-11,75,11613.3
17-03-11,76,11774.59
18-03-11,77,11858.52
19-03-11,78,11858.52
20-03-11,79,11858.52
21-03-11,80,12036.53
22-03-11,81,12018.63
23-03-11,82,12086.02
24-03-11,83,12170.56
25-03-11,84,12220.59
26-03-11,85,12220.59
27-03-11,86,12220.59
28-03-11,87,12197.88
29-03-11,88,12279.01
30-03-11,89,12350.61
31-03-11,90,12319.73
01-04-11,91,12376.72
02-04-11,92,12376.72
03-04-11,93,12376.72
04-04-11,94,12400.03
05-04-11,95,12393.9
06-04-11,96,12426.75
07-04-11,97,12409.49
08-04-11,98,12380.05
09-04-11,99,12380.05
10-04-11,100,12380.05
11-04-11,101,12381.11
12-04-11,102,12263.58
13-04-11,103,12270.99
14-04-11,104,12285.15
15-04-11,105,12341.83
16-04-11,106,12341.83
17-04-11,107,12341.83
18-04-11,108,12201.59
19-04-11,109,12266.75
20-04-11,110,12453.54
21-04-11,111,12505.99
22-04-11,112,12505.99
23-04-11,113,12505.99
24-04-11,114,12505.99
25-04-11,115,12479.88
26-04-11,116,12595.37
27-04-11,117,12690.96
28-04-11,118,12763.31
29-04-11,119,12810.54
30-04-11,120,12810.54
01-05-11,121,12810.54
02-05-11,122,12807.36
03-05-11,123,12807.51
04-05-11,124,12723.58
05-05-11,125,12584.17
06-05-11,126,12638.74
07-05-11,127,12638.74
08-05-11,128,12638.74
09-05-11,129,12684.68
10-05-11,130,12760.36
11-05-11,131,12630.03
12-05-11,132,12695.92
13-05-11,133,12595.75
14-05-11,134,12595.75
15-05-11,135,12595.75
16-05-11,136,12548.37
17-05-11,137,12479.58
18-05-11,138,12560.18
19-05-11,139,12605.32
20-05-11,140,12512.04
21-05-11,141,12512.04
22-05-11,142,12512.04
23-05-11,143,12381.26
24-05-11,144,12356.21
25-05-11,145,12394.66
26-05-11,146,12402.76
27-05-11,147,12441.58
28-05-11,148,12441.58
29-05-11,149,12441.58
30-05-11,150,12441.58
31-05-11,151,12569.79
01-06-11,152,12290.14
02-06-11,153,12248.55
03-06-11,154,12151.26
04-06-11,155,12151.26
05-06-11,156,12151.26
06-06-11,157,12089.96
07-06-11,158,12070.81
08-06-11,159,12048.94
09-06-11,160,12124.36
10-06-11,161,11951.91
11-06-11,162,11951.91
12-06-11,163,11951.91
13-06-11,164,11952.97
14-06-11,165,12076.11
15-06-11,166,11897.27
16-06-11,167,11961.52
17-06-11,168,12004.36
18-06-11,169,12004.36
19-06-11,170,12004.36
20-06-11,171,12080.38
21-06-11,172,12190.01
22-06-11,173,12109.67
23-06-11,174,12050
24-06-11,175,11934.58
25-06-11,176,11934.58
26-06-11,177,11934.58
27-06-11,178,12043.56
28-06-11,179,12188.69
29-06-11,180,12261.42
30-06-11,181,12414.34
01-07-11,182,12582.77
02-07-11,183,12582.77
03-07-11,184,12582.77
04-07-11,185,12582.77
05-07-11,186,12569.87
06-07-11,187,12626.02
07-07-11,188,12719.49
08-07-11,189,12657.2
09-07-11,190,12657.2
10-07-11,191,12657.2
11-07-11,192,12505.76
12-07-11,193,12446.88
13-07-11,194,12491.61
14-07-11,195,12437.12
15-07-11,196,12479.73
16-07-11,197,12479.73
17-07-11,198,12479.73
18-07-11,199,12385.16
19-07-11,200,12587.42
20-07-11,201,12571.91
21-07-11,202,12724.41
22-07-11,203,12681.16
23-07-11,204,12681.16
24-07-11,205,12681.16
25-07-11,206,12592.8
26-07-11,207,12501.3
27-07-11,208,12302.55
28-07-11,209,12240.11
29-07-11,210,12143.24
30-07-11,211,12143.24
31-07-11,212,12143.24
01-08-11,213,12132.49
02-08-11,214,11866.62
03-08-11,215,11896.44
04-08-11,216,11383.68
05-08-11,217,11444.61
06-08-11,218,11444.61
07-08-11,219,11444.61
08-08-11,220,10809.85
09-08-11,221,11239.77
10-08-11,222,10719.94
11-08-11,223,11143.31
12-08-11,224,11269.02
13-08-11,225,11269.02
14-08-11,226,11269.02
15-08-11,227,11482.9
16-08-11,228,11405.93
17-08-11,229,11410.21
18-08-11,230,10990.58
19-08-11,231,10817.65
20-08-11,232,10817.65
21-08-11,233,10817.65
22-08-11,234,10854.65
23-08-11,235,11176.76
24-08-11,236,11320.71
25-08-11,237,11149.82
26-08-11,238,11284.54
27-08-11,239,11284.54
28-08-11,240,11284.54
29-08-11,241,11539.25
30-08-11,242,11559.95
31-08-11,243,11613.53
01-09-11,244,11493.57
02-09-11,245,11240.26
03-09-11,246,11240.26
04-09-11,247,11240.26
05-09-11,248,11240.26
06-09-11,249,11139.3
07-09-11,250,11414.86
08-09-11,251,11295.81
09-09-11,252,10992.13
10-09-11,253,10992.13
11-09-11,254,10992.13
12-09-11,255,11061.12
13-09-11,256,11105.85
14-09-11,257,11246.73
15-09-11,258,11433.18
16-09-11,259,11509.09
17-09-11,260,11509.09
18-09-11,261,11509.09
19-09-11,262,11401.01
20-09-11,263,11408.66
21-09-11,264,11124.84
22-09-11,265,10733.83
23-09-11,266,10771.48
24-09-11,267,10771.48
25-09-11,268,10771.48
26-09-11,269,11043.86
27-09-11,270,11190.69
28-09-11,271,11010.9
29-09-11,272,11153.98
30-09-11,273,10913.38
01-10-11,274,10913.38
02-10-11,275,10913.38
03-10-11,276,10655.3
04-10-11,277,10808.71
05-10-11,278,10939.95
06-10-11,279,11123.33
07-10-11,280,11103.12
08-10-11,281,11103.12
09-10-11,282,11103.12
10-10-11,283,11433.18
11-10-11,284,11416.3
12-10-11,285,11518.85
13-10-11,286,11478.13
14-10-11,287,11644.49
15-10-11,288,11644.49
16-10-11,289,11644.49
17-10-11,290,11397
18-10-11,291,11577.05
19-10-11,292,11504.62
20-10-11,293,11541.78
21-10-11,294,11808.79
22-10-11,295,11808.79
23-10-11,296,11808.79
24-10-11,297,11913.62
25-10-11,298,11706.62
26-10-11,299,11869.04
27-10-11,300,12208.55
28-10-11,301,12231.11
29-10-11,302,12231.11
30-10-11,303,12231.11
31-10-11,304,11955.01
01-11-11,305,11657.96
02-11-11,306,11836.04
03-11-11,307,12044.47
04-11-11,308,11983.24
05-11-11,309,11983.24
06-11-11,310,11983.24
07-11-11,311,12068.39
08-11-11,312,12170.18
09-11-11,313,11780.94
10-11-11,314,11893.79
11-11-11,315,12153.68
12-11-11,316,12153.68
13-11-11,317,12153.68
14-11-11,318,12078.98
15-11-11,319,12096.16
16-11-11,320,11905.59
17-11-11,321,11770.73
18-11-11,322,11796.16
19-11-11,323,11796.16
20-11-11,324,11796.16
21-11-11,325,11547.31
22-11-11,326,11493.72
23-11-11,327,11257.55
24-11-11,328,11257.55
25-11-11,329,11231.78
26-11-11,330,11231.78
27-11-11,331,11231.78
28-11-11,332,11523.01
29-11-11,333,11555.63
30-11-11,334,12045.68
01-12-11,335,12020.03
02-12-11,336,12019.42
03-12-11,337,12019.42
04-12-11,338,12019.42
05-12-11,339,12097.83
06-12-11,340,12150.13
07-12-11,341,12196.37
08-12-11,342,11997.7
09-12-11,343,12184.26
10-12-11,344,12184.26
11-12-11,345,12184.26
12-12-11,346,12021.39
13-12-11,347,11954.94
14-12-11,348,11823.48
15-12-11,349,11868.81
16-12-11,350,11866.39
17-12-11,351,11866.39
18-12-11,352,11866.39
19-12-11,353,11766.26
20-12-11,354,12103.58
21-12-11,355,12107.74
22-12-11,356,12169.65
23-12-11,357,12294
24-12-11,358,12294
25-12-11,359,12294
26-12-11,360,12294
27-12-11,361,12291.35
28-12-11,362,12151.41
29-12-11,363,12287.04
30-12-11,364,12217.56
31-12-11,365,12217.56
01-01-12,1,12217.56
02-01-12,2,12217.56
03-01-12,3,12397.38
04-01-12,4,12418.42
05-01-12,5,12415.7
06-01-12,6,12359.92
07-01-12,7,12359.92
08-01-12,8,12359.92
09-01-12,9,12392.69
10-01-12,10,12462.47
11-01-12,11,12449.45
12-01-12,12,12471.02
13-01-12,13,12422.06
14-01-12,14,12422.06
15-01-12,15,12422.06
16-01-12,16,12422.06
17-01-12,17,12482.07
18-01-12,18,12578.95
19-01-12,19,12623.98
20-01-12,20,12720.48
21-01-12,21,12720.48
22-01-12,22,12720.48
23-01-12,23,12708.82
24-01-12,24,12675.75
25-01-12,25,12756.96
26-01-12,26,12734.63
27-01-12,27,12660.46
28-01-12,28,12660.46
29-01-12,29,12660.46
30-01-12,30,12653.72
31-01-12,31,12632.91
01-02-12,32,12716.46
02-02-12,33,12705.41
03-02-12,34,12862.23
04-02-12,35,12862.23
05-02-12,36,12862.23
06-02-12,37,12845.13
07-02-12,38,12878.2
08-02-12,39,12883.95
09-02-12,40,12890.46
10-02-12,41,12801.23
11-02-12,42,12801.23
12-02-12,43,12801.23
13-02-12,44,12874.04
14-02-12,45,12878.28
15-02-12,46,12780.95
16-02-12,47,12904.08
17-02-12,48,12949.87
18-02-12,49,12949.87
19-02-12,50,12949.87
20-02-12,51,12949.87
21-02-12,52,12965.69
22-02-12,53,12938.67
23-02-12,54,12984.69
24-02-12,55,12982.95
25-02-12,56,12982.95
26-02-12,57,12982.95
27-02-12,58,12981.51
28-02-12,59,13005.12
29-02-12,60,12952.07
01-03-12,61,12980.3
02-03-12,62,12977.57
03-03-12,63,12977.57
04-03-12,64,12977.57
05-03-12,65,12962.81
06-03-12,66,12759.15
07-03-12,67,12837.33
08-03-12,68,12907.94
09-03-12,69,12922.02
10-03-12,70,12922.02
11-03-12,71,12922.02
12-03-12,72,12959.71
13-03-12,73,13177.68
14-03-12,74,13194.1
15-03-12,75,13252.76
16-03-12,76,13232.62
17-03-12,77,13232.62
18-03-12,78,13232.62
19-03-12,79,13239.13
20-03-12,80,13170.19
21-03-12,81,13124.62
22-03-12,82,13046.14
23-03-12,83,13080.73
24-03-12,84,13080.73
25-03-12,85,13080.73
26-03-12,86,13241.63
27-03-12,87,13197.73
28-03-12,88,13126.21
29-03-12,89,13145.82
30-03-12,90,13212.04
31-03-12,91,13212.04
01-04-12,92,13212.04
02-04-12,93,13264.49
03-04-12,94,13199.55
04-04-12,95,13074.75
05-04-12,96,13060.14
06-04-12,97,13060.14
07-04-12,98,13060.14
08-04-12,99,13060.14
09-04-12,100,12929.59
10-04-12,101,12715.93
11-04-12,102,12805.39
12-04-12,103,12986.58
13-04-12,104,12849.59
14-04-12,105,12849.59
15-04-12,106,12849.59
16-04-12,107,12921.41
17-04-12,108,13115.54
18-04-12,109,13032.75
19-04-12,110,12964.1
20-04-12,111,13029.26
21-04-12,112,13029.26
22-04-12,113,13029.26
23-04-12,114,12927.17
24-04-12,115,13001.56
25-04-12,116,13090.72
26-04-12,117,13204.62
27-04-12,118,13228.31
28-04-12,119,13228.31
29-04-12,120,13228.31
30-04-12,121,13213.63
01-05-12,122,13279.32
02-05-12,123,13268.57
03-05-12,124,13206.59
04-05-12,125,13038.27
05-05-12,126,13038.27
06-05-12,127,13038.27
07-05-12,128,13008.53
08-05-12,129,12932.09
09-05-12,130,12835.06
10-05-12,131,12855.04
11-05-12,132,12820.6
12-05-12,133,12820.6
13-05-12,134,12820.6
14-05-12,135,12695.35
15-05-12,136,12632
16-05-12,137,12598.55
17-05-12,138,12442.49
18-05-12,139,12369.38
19-05-12,140,12369.38
20-05-12,141,12369.38
21-05-12,142,12504.48
22-05-12,143,12502.81
23-05-12,144,12496.15
24-05-12,145,12529.75
25-05-12,146,12454.83
26-05-12,147,12454.83
27-05-12,148,12454.83
28-05-12,149,12454.83
29-05-12,150,12580.69
30-05-12,151,12419.86
31-05-12,152,12393.45
01-06-12,153,12118.57
02-06-12,154,12118.57
03-06-12,155,12118.57
04-06-12,156,12101.46
05-06-12,157,12127.95
06-06-12,158,12414.79
07-06-12,159,12460.96
08-06-12,160,12554.2
09-06-12,161,12554.2
10-06-12,162,12554.2
11-06-12,163,12411.23
12-06-12,164,12573.8
13-06-12,165,12496.38
14-06-12,166,12651.91
15-06-12,167,12767.17
16-06-12,168,12767.17
17-06-12,169,12767.17
18-06-12,170,12741.82
19-06-12,171,12837.33
20-06-12,172,12824.39
21-06-12,173,12573.57
22-06-12,174,12640.78
23-06-12,175,12640.78
24-06-12,176,12640.78
25-06-12,177,12502.66
26-06-12,178,12534.67
27-06-12,179,12627.01
28-06-12,180,12602.26
29-06-12,181,12880.09
30-06-12,182,12880.09
01-07-12,183,12880.09
02-07-12,184,12871.39
03-07-12,185,12943.82
04-07-12,186,12943.82
05-07-12,187,12896.67
06-07-12,188,12772.47
09-07-12,191,12736.29
10-07-12,192,12653.12
11-07-12,193,12604.53
12-07-12,194,12573.27
13-07-12,195,12777.09
16-07-12,198,12727.21
17-07-12,199,12805.54
18-07-12,200,12908.7
19-07-12,201,12943.36
20-07-12,202,12822.57
23-07-12,205,12721.46
24-07-12,206,12617.32
25-07-12,207,12676.05
26-07-12,208,12887.93
27-07-12,209,13075.66
30-07-12,212,13073.01
31-07-12,213,13008.68
01-08-12,214,12971.06
02-08-12,215,12878.88
03-08-12,216,13096.17
06-08-12,219,13117.51
07-08-12,220,13168.6
08-08-12,221,13175.64
09-08-12,222,13165.19
10-08-12,223,13207.95
13-08-12,226,13169.43
14-08-12,227,13172.14
15-08-12,228,13164.78
16-08-12,229,13250.11
17-08-12,230,13275.2
20-08-12,233,13271.64
21-08-12,234,13203.58
22-08-12,235,13172.76
23-08-12,236,13057.46
24-08-12,237,13157.97
27-08-12,240,13124.67
28-08-12,241,13102.99
29-08-12,242,13107.48
30-08-12,243,13000.71
31-08-12,244,13090.84
04-09-12,248,13035.94
05-09-12,249,13047.48
06-09-12,250,13292
07-09-12,251,13306.64
10-09-12,254,13254.29
11-09-12,255,13323.36
12-09-12,256,13333.35
13-09-12,257,13539.86
14-09-12,258,13593.37
17-09-12,261,13553.1
18-09-12,262,13564.64
19-09-12,263,13577.96
20-09-12,264,13596.93
21-09-12,265,13579.47
24-09-12,268,13558.92
25-09-12,269,13457.55
26-09-12,270,13413.51
27-09-12,271,13485.97
28-09-12,272,13437.13
01-10-12,275,13515.11
02-10-12,276,13482.36
03-10-12,277,13494.61
04-10-12,278,13575.36
05-10-12,279,13610.15
08-10-12,282,13583.65
09-10-12,283,13473.53
10-10-12,284,13344.97
11-10-12,285,13326.39
12-10-12,286,13328.85
15-10-12,289,13424.23
16-10-12,290,13551.78
17-10-12,291,13557
18-10-12,292,13548.94
19-10-12,293,13343.51
22-10-12,296,13345.89
23-10-12,297,13102.53
24-10-12,298,13077.34
25-10-12,299,13103.68
26-10-12,300,13107.21
31-10-12,305,13096.46
01-11-12,306,13232.62
02-11-12,307,13093.16
05-11-12,310,13112.44
06-11-12,311,13245.68
07-11-12,312,12932.73
08-11-12,313,12811.32
09-11-12,314,12815.39
12-11-12,317,12815.08
13-11-12,318,12756.18
14-11-12,319,12570.95
15-11-12,320,12542.38
16-11-12,321,12588.31
19-11-12,324,12795.96
20-11-12,325,12788.51
21-11-12,326,12836.89
23-11-12,328,13009.68
26-11-12,331,12967.37
27-11-12,332,12878.13
28-11-12,333,12985.11
29-11-12,334,13021.82
30-11-12,335,13025.58
03-12-12,338,12965.6
04-12-12,339,12951.78
05-12-12,340,13034.49
06-12-12,341,13074.04
07-12-12,342,13155.13
10-12-12,345,13169.88
11-12-12,346,13248.44
12-12-12,347,13245.45
13-12-12,348,13170.72
14-12-12,349,13135.01
17-12-12,352,13235.39
18-12-12,353,13350.96
19-12-12,354,13251.97
20-12-12,355,13311.72
21-12-12,356,13190.84
24-12-12,359,13139.08
26-12-12,361,13114.59
27-12-12,362,13096.31
28-12-12,363,12938.11
31-12-12,366,13104.14
02-01-13,2,13412.55
03-01-13,3,13391.36
04-01-13,4,13435.21
07-01-13,7,13384.29
08-01-13,8,13328.85
09-01-13,9,13390.51
10-01-13,10,13471.22
11-01-13,11,13488.43
14-01-13,14,13507.32
15-01-13,15,13534.89
16-01-13,16,13511.23
17-01-13,17,13596.02
18-01-13,18,13649.7
22-01-13,22,13712.21
23-01-13,23,13779.33
24-01-13,24,13825.33
25-01-13,25,13895.98
28-01-13,28,13881.93
29-01-13,29,13954.42
30-01-13,30,13910.42
31-01-13,31,13860.58
01-02-13,32,14009.79
04-02-13,35,13880.08
05-02-13,36,13979.3
06-02-13,37,13986.52
07-02-13,38,13944.05
08-02-13,39,13992.97
11-02-13,42,13971.24
12-02-13,43,14018.7
13-02-13,44,13982.91
14-02-13,45,13973.39
15-02-13,46,13981.76
19-02-13,50,14035.67
20-02-13,51,13927.54
21-02-13,52,13880.62
22-02-13,53,14000.57
25-02-13,56,13784.17
26-02-13,57,13900.13
27-02-13,58,14075.37
28-02-13,59,14054.49
01-03-13,60,14089.66
04-03-13,63,14127.82
05-03-13,64,14253.77
06-03-13,65,14296.24
07-03-13,66,14329.49
08-03-13,67,14397.07
11-03-13,70,14447.29
12-03-13,71,14450.06
13-03-13,72,14455.28
14-03-13,73,14539.14
15-03-13,74,14514.11
18-03-13,77,14452.06
19-03-13,78,14455.82
20-03-13,79,14511.73
21-03-13,80,14421.49
22-03-13,81,14512.03
25-03-13,84,14447.75
26-03-13,85,14559.65
27-03-13,86,14526.16
28-03-13,87,14578.54
01-04-13,91,14572.85
02-04-13,92,14662.01
03-04-13,93,14550.35
04-04-13,94,14606.11
05-04-13,95,14565.25
08-04-13,98,14613.48
09-04-13,99,14673.46
10-04-13,100,14802.24
11-04-13,101,14865.14
12-04-13,102,14865.06
15-04-13,105,14599.2
16-04-13,106,14756.78
17-04-13,107,14618.59
18-04-13,108,14537.14
19-04-13,109,14547.51
22-04-13,112,14567.17
23-04-13,113,14719.46
24-04-13,114,14676.3
25-04-13,115,14700.8
26-04-13,116,14712.55
29-04-13,119,14818.75
30-04-13,120,14839.8
01-05-13,121,14700.95
02-05-13,122,14831.58
03-05-13,123,14973.96
06-05-13,126,14968.89
07-05-13,127,15056.2
08-05-13,128,15105.12
09-05-13,129,15082.62
10-05-13,130,15118.49
13-05-13,133,15091.68
14-05-13,134,15215.25
15-05-13,135,15275.69
16-05-13,136,15233.22
17-05-13,137,15354.4
20-05-13,140,15335.28
21-05-13,141,15387.58
22-05-13,142,15307.17
23-05-13,143,15294.5
24-05-13,144,15303.1
28-05-13,148,15409.39
29-05-13,149,15302.8
30-05-13,150,15324.53
31-05-13,151,15115.57
03-06-13,154,15254.03
04-06-13,155,15177.54
05-06-13,156,14960.59
06-06-13,157,15040.62
07-06-13,158,15248.12
10-06-13,161,15238.59
11-06-13,162,15122.02
12-06-13,163,14995.23
13-06-13,164,15176.08
14-06-13,165,15070.18
17-06-13,168,15179.85
18-06-13,169,15318.23
19-06-13,170,15112.19
20-06-13,171,14758.32
21-06-13,172,14799.4
24-06-13,175,14659.56
25-06-13,176,14760.31
26-06-13,177,14910.14
27-06-13,178,15024.49
28-06-13,179,14909.6
01-07-13,182,14974.96
02-07-13,183,14932.41
03-07-13,184,14988.55
05-07-13,186,15135.84
08-07-13,189,15224.69
09-07-13,190,15300.34
10-07-13,191,15291.66
11-07-13,192,15460.92
12-07-13,193,15464.3
15-07-13,196,15484.26
16-07-13,197,15451.85
17-07-13,198,15470.52
18-07-13,199,15548.54
19-07-13,200,15543.74
22-07-13,203,15545.55
23-07-13,204,15567.74
24-07-13,205,15542.24
25-07-13,206,15555.61
26-07-13,207,15558.83
29-07-13,210,15521.97
30-07-13,211,15520.59
31-07-13,212,15499.54
01-08-13,213,15628.02
02-08-13,214,15658.36
05-08-13,217,15612.13
06-08-13,218,15518.74
07-08-13,219,15470.67
08-08-13,220,15498.32
09-08-13,221,15425.51
12-08-13,224,15419.68
13-08-13,225,15451.01
14-08-13,226,15337.66
15-08-13,227,15112.19
16-08-13,228,15081.47
19-08-13,231,15010.74
20-08-13,232,15002.99
21-08-13,233,14897.55
22-08-13,234,14963.74
23-08-13,235,15010.51
26-08-13,238,14946.46
27-08-13,239,14776.13
28-08-13,240,14824.51
29-08-13,241,14840.95
30-08-13,242,14810.31
03-09-13,246,14833.96
04-09-13,247,14930.87
05-09-13,248,14937.48
06-09-13,249,14922.5
09-09-13,252,15063.12
10-09-13,253,15191.06
11-09-13,254,15326.6
12-09-13,255,15300.64
13-09-13,256,15376.06
16-09-13,259,15494.78
17-09-13,260,15529.73
18-09-13,261,15676.94
19-09-13,262,15636.55
20-09-13,263,15451.09
23-09-13,266,15401.38
24-09-13,267,15334.59
25-09-13,268,15273.26
26-09-13,269,15328.3
27-09-13,270,15258.24
30-09-13,273,15129.67
01-10-13,274,15191.7
02-10-13,275,15133.14
03-10-13,276,14996.48
04-10-13,277,15072.58
07-10-13,280,14936.24
08-10-13,281,14776.53
09-10-13,282,14802.98
10-10-13,283,15126.07
11-10-13,284,15237.11
14-10-13,287,15301.26
15-10-13,288,15168.01
16-10-13,289,15373.83
17-10-13,290,15371.65
18-10-13,291,15399.65
21-10-13,294,15392.2
22-10-13,295,15467.66
23-10-13,296,15413.33
24-10-13,297,15509.21
25-10-13,298,15570.28
28-10-13,301,15568.93
29-10-13,302,15680.35
30-10-13,303,15618.76
31-10-13,304,15545.75
01-11-13,305,15615.55
04-11-13,308,15639.12
05-11-13,309,15618.22
06-11-13,310,15746.88
07-11-13,311,15593.98
08-11-13,312,15761.78
11-11-13,315,15783.1
12-11-13,316,15750.67
13-11-13,317,15821.63
14-11-13,318,15876.22
15-11-13,319,15961.7
18-11-13,322,15976.02
19-11-13,323,15967.03
20-11-13,324,15900.82
21-11-13,325,16009.99
22-11-13,326,16064.77
25-11-13,329,16072.54
26-11-13,330,16072.8
27-11-13,331,16097.33
29-11-13,333,16086.41
02-12-13,336,16008.77
03-12-13,337,15914.62
04-12-13,338,15889.77
05-12-13,339,15821.51
06-12-13,340,16020.2
09-12-13,343,16025.53
10-12-13,344,15973.13
11-12-13,345,15843.53
12-12-13,346,15739.43
13-12-13,347,15755.36
16-12-13,350,15884.57
17-12-13,351,15875.26
18-12-13,352,16167.97
19-12-13,353,16179.08
20-12-13,354,16221.14
23-12-13,357,16294.61
24-12-13,358,16357.55
26-12-13,360,16479.88
27-12-13,361,16478.41
30-12-13,364,16504.29
31-12-13,365,16576.66
02-01-14,2,16441.35
03-01-14,3,16469.99
06-01-14,6,16425.1
07-01-14,7,16530.94
08-01-14,8,16462.74
09-01-14,9,16444.76
10-01-14,10,16437.05
13-01-14,13,16257.94
14-01-14,14,16373.86
15-01-14,15,16481.94
16-01-14,16,16417.01
17-01-14,17,16458.56
21-01-14,21,16414.44
22-01-14,22,16373.34
23-01-14,23,16197.35
24-01-14,24,15879.11
27-01-14,27,15837.88
28-01-14,28,15928.56
29-01-14,29,15738.79
30-01-14,30,15848.61
31-01-14,31,15698.85
03-02-14,34,15372.8
04-02-14,35,15445.24
05-02-14,36,15440.23
06-02-14,37,15628.53
07-02-14,38,15794.08
10-02-14,41,15801.79
11-02-14,42,15994.77
12-02-14,43,15963.94
13-02-14,44,16027.59
14-02-14,45,16154.39
18-02-14,49,16130.4
19-02-14,50,16040.56
20-02-14,51,16133.23
21-02-14,52,16103.3
24-02-14,55,16207.14
25-02-14,56,16179.66
26-02-14,57,16198.41
27-02-14,58,16272.65
28-02-14,59,16321.71
03-03-14,62,16168.03
04-03-14,63,16395.88
05-03-14,64,16360.18
06-03-14,65,16421.89
07-03-14,66,16452.72
10-03-14,69,16418.68
11-03-14,70,16351.25
12-03-14,71,16340.08
13-03-14,72,16108.89
14-03-14,73,16065.67
17-03-14,76,16247.22
18-03-14,77,16336.19
19-03-14,78,16222.17
20-03-14,79,16331.05
21-03-14,80,16302.77
24-03-14,83,16276.69
25-03-14,84,16367.88
26-03-14,85,16268.99
27-03-14,86,16264.23
28-03-14,87,16323.06
31-03-14,90,16457.66
01-04-14,91,16532.61
02-04-14,92,16573
03-04-14,93,16572.55
04-04-14,94,16412.71
07-04-14,97,16245.87
08-04-14,98,16256.14
09-04-14,99,16437.18
10-04-14,100,16170.22
11-04-14,101,16026.75
14-04-14,104,16173.24
15-04-14,105,16262.56
16-04-14,106,16424.85
17-04-14,107,16408.54
21-04-14,111,16449.25
22-04-14,112,16514.37
23-04-14,113,16501.65
24-04-14,114,16501.65
25-04-14,115,16361.46
28-04-14,118,16448.74
29-04-14,119,16535.37
30-04-14,120,16580.84
01-05-14,121,16558.87
02-05-14,122,16512.89
05-05-14,125,16530.55
06-05-14,126,16401.02
07-05-14,127,16518.54
08-05-14,128,16550.97
09-05-14,129,16583.34
12-05-14,132,16695.47
13-05-14,133,16715.44
14-05-14,134,16613.97
15-05-14,135,16446.81
16-05-14,136,16491.31
19-05-14,139,16511.86
20-05-14,140,16374.31
21-05-14,141,16533.06
22-05-14,142,16543.08
23-05-14,143,16606.27
27-05-14,147,16675.5
28-05-14,148,16633.18
29-05-14,149,16698.74
30-05-14,150,16717.17
02-06-14,153,16743.63
03-06-14,154,16722.34
04-06-14,155,16737.53
05-06-14,156,16836.11
06-06-14,157,16924.28
09-06-14,160,16943.1
10-06-14,161,16945.92
11-06-14,162,16843.88
12-06-14,163,16734.19
13-06-14,164,16775.74
16-06-14,167,16781.01
17-06-14,168,16808.49
18-06-14,169,16906.62
19-06-14,170,16921.46
20-06-14,171,16947.08
23-06-14,174,16937.26
24-06-14,175,16818.13
25-06-14,176,16867.51
26-06-14,177,16846.13
27-06-14,178,16851.84
30-06-14,181,16826.6
01-07-14,182,16956.07
02-07-14,183,16976.24
03-07-14,184,17068.26
07-07-14,188,17024.21
08-07-14,189,16906.62
09-07-14,190,16985.61
10-07-14,191,16915.07
11-07-14,192,16943.81
14-07-14,195,17055.42
15-07-14,196,17060.68
16-07-14,197,17138.2
17-07-14,198,16976.81
18-07-14,199,17100.18
21-07-14,202,17051.73
22-07-14,203,17113.54
23-07-14,204,17086.63
24-07-14,205,17083.8
25-07-14,206,16960.57
28-07-14,209,16982.59
29-07-14,210,16912.11
30-07-14,211,16880.36
31-07-14,212,16563.3
01-08-14,213,16493.37
04-08-14,216,16569.28
05-08-14,217,16429.47
06-08-14,218,16443.34
07-08-14,219,16368.27
08-08-14,220,16553.93
11-08-14,223,16569.98
12-08-14,224,16560.54
13-08-14,225,16651.8
14-08-14,226,16713.58
15-08-14,227,16662.91
18-08-14,230,16838.74
19-08-14,231,16919.59
20-08-14,232,16979.13
21-08-14,233,17039.49
22-08-14,234,17001.22
25-08-14,237,17076.87
26-08-14,238,17106.7
27-08-14,239,17122.01
28-08-14,240,17079.57
29-08-14,241,17098.45
02-09-14,245,17067.56
03-09-14,246,17078.28
04-09-14,247,17069.58
05-09-14,248,17137.36
08-09-14,251,17111.42
09-09-14,252,17013.87
10-09-14,253,17068.71
11-09-14,254,17049
12-09-14,255,16987.51
15-09-14,258,17031.14
16-09-14,259,17131.97
17-09-14,260,17156.85
18-09-14,261,17265.99
19-09-14,262,17279.74
22-09-14,265,17172.68
23-09-14,266,17055.87
24-09-14,267,17210.06
25-09-14,268,16945.8
26-09-14,269,17113.15
29-09-14,272,17071.22
30-09-14,273,17042.9
01-10-14,274,16804.71
02-10-14,275,16801.05
03-10-14,276,17009.69
06-10-14,279,16991.91
07-10-14,280,16719.39
08-10-14,281,16994.22
09-10-14,282,16659.25
10-10-14,283,16544.1
13-10-14,286,16321.07
14-10-14,287,16315.19
15-10-14,288,16141.74
16-10-14,289,16117.24
17-10-14,290,16380.41
20-10-14,293,16399.67
21-10-14,294,16614.81
22-10-14,295,16461.32
23-10-14,296,16677.9
24-10-14,297,16805.41
27-10-14,300,16817.94
28-10-14,301,17005.75
29-10-14,302,16974.31
30-10-14,303,17195.42
31-10-14,304,17390.52
03-11-14,307,17366.24
04-11-14,308,17383.84
05-11-14,309,17484.53
06-11-14,310,17554.47
07-11-14,311,17573.93
10-11-14,314,17613.74
11-11-14,315,17614.9
12-11-14,316,17612.2
13-11-14,317,17652.79
14-11-14,318,17634.74
17-11-14,321,17647.75
18-11-14,322,17687.82
19-11-14,323,17685.73
20-11-14,324,17719
21-11-14,325,17810.06
24-11-14,328,17817.9
25-11-14,329,17814.94
26-11-14,330,17827.75
28-11-14,332,17828.24
01-12-14,335,17776.8
02-12-14,336,17879.55
03-12-14,337,17912.62
04-12-14,338,17900.1
05-12-14,339,17958.79
08-12-14,342,17852.48
09-12-14,343,17801.2
10-12-14,344,17533.15
11-12-14,345,17596.34
12-12-14,346,17280.83
15-12-14,349,17180.84
16-12-14,350,17068.87
17-12-14,351,17356.87
18-12-14,352,17778.15
19-12-14,353,17804.8
22-12-14,356,17959.44
23-12-14,357,18024.17
24-12-14,358,18030.21
26-12-14,360,18053.71
29-12-14,363,18038.23
30-12-14,364,17983.07
31-12-14,365,17823.07
02-01-15,2,17832.99
05-01-15,5,17501.65
06-01-15,6,17371.64
07-01-15,7,17584.52
08-01-15,8,17907.87
09-01-15,9,17737.37
12-01-15,12,17640.84
13-01-15,13,17613.68
14-01-15,14,17427.09
15-01-15,15,17320.71
16-01-15,16,17511.57
20-01-15,20,17515.23
21-01-15,21,17554.28
22-01-15,22,17813.98
23-01-15,23,17672.6
26-01-15,26,17678.7
27-01-15,27,17387.21
28-01-15,28,17191.37
29-01-15,29,17416.85
30-01-15,30,17164.95
02-02-15,33,17361.04
03-02-15,34,17666.4
04-02-15,35,17673.02
05-02-15,36,17884.88
06-02-15,37,17824.29
09-02-15,40,17729.21
10-02-15,41,17868.76
11-02-15,42,17862.14
12-02-15,43,17972.38
13-02-15,44,18019.35
17-02-15,48,18047.58
18-02-15,49,18029.85
19-02-15,50,17985.77
20-02-15,51,18140.44
23-02-15,54,18116.84
24-02-15,55,18209.19
25-02-15,56,18224.57
26-02-15,57,18214.42
27-02-15,58,18132.7
02-03-15,61,18288.63
03-03-15,62,18203.37
04-03-15,63,18096.9
05-03-15,64,18135.72
06-03-15,65,17856.78
09-03-15,68,17995.72
10-03-15,69,17662.94
11-03-15,70,17635.39
12-03-15,71,17895.22
13-03-15,72,17749.31
16-03-15,75,17977.42
17-03-15,76,17849.08
18-03-15,77,18076.19
19-03-15,78,17959.03
20-03-15,79,18127.65
23-03-15,82,18116.04
24-03-15,83,18011.14
25-03-15,84,17718.54
26-03-15,85,17678.23
27-03-15,86,17712.66
30-03-15,89,17976.31
31-03-15,90,17776.12
01-04-15,91,17698.18
02-04-15,92,17763.24
06-04-15,96,17880.85
07-04-15,97,17875.42
08-04-15,98,17902.51
09-04-15,99,17958.73
10-04-15,100,18057.65
13-04-15,103,17977.04
14-04-15,104,18036.7
15-04-15,105,18112.61
16-04-15,106,18105.77
17-04-15,107,17826.3
20-04-15,110,18034.93
21-04-15,111,17949.59
22-04-15,112,18038.27
23-04-15,113,18058.69
24-04-15,114,18080.14
27-04-15,117,18037.97
28-04-15,118,18110.14
29-04-15,119,18035.53
30-04-15,120,17840.52
01-05-15,121,18024.06
04-05-15,124,18070.4
05-05-15,125,17928.2
06-05-15,126,17841.98
07-05-15,127,17924.06
08-05-15,128,18191.11
11-05-15,131,18105.17
12-05-15,132,18068.23
13-05-15,133,18060.49
14-05-15,134,18252.24
15-05-15,135,18272.56
18-05-15,138,18298.88
19-05-15,139,18312.39
20-05-15,140,18285.4
21-05-15,141,18285.74
22-05-15,142,18232.02
26-05-15,146,18041.54
27-05-15,147,18162.99
28-05-15,148,18126.12
29-05-15,149,18010.68
01-06-15,152,18040.37
02-06-15,153,18011.94
03-06-15,154,18076.27
04-06-15,155,17905.58
05-06-15,156,17849.46
08-06-15,159,17766.55
09-06-15,160,17764.04
10-06-15,161,18000.4
11-06-15,162,18039.37
12-06-15,163,17898.84
15-06-15,166,17791.17
16-06-15,167,17904.48
17-06-15,168,17935.74
18-06-15,169,18115.84
19-06-15,170,18015.95
22-06-15,173,18119.78
23-06-15,174,18144.07
24-06-15,175,17966.07
25-06-15,176,17890.36
26-06-15,177,17946.68
29-06-15,180,17596.35
30-06-15,181,17619.51
01-07-15,182,17757.91
02-07-15,183,17730.11
06-07-15,187,17683.58
07-07-15,188,17776.91
08-07-15,189,17515.42
09-07-15,190,17548.62
10-07-15,191,17760.41
13-07-15,194,17977.68
14-07-15,195,18053.58
15-07-15,196,18050.17
16-07-15,197,18120.25
17-07-15,198,18086.45
20-07-15,201,18100.41
21-07-15,202,17919.29
22-07-15,203,17851.04
23-07-15,204,17731.92
24-07-15,205,17568.53
27-07-15,208,17440.59
28-07-15,209,17630.27
29-07-15,210,17751.39
30-07-15,211,17745.98
31-07-15,212,17689.86
03-08-15,215,17598.2
04-08-15,216,17550.69
05-08-15,217,17540.47
06-08-15,218,17419.75
07-08-15,219,17373.38
10-08-15,222,17615.17
11-08-15,223,17402.84
12-08-15,224,17402.51
13-08-15,225,17408.25
14-08-15,226,17477.4
17-08-15,229,17545.18
18-08-15,230,17511.34
19-08-15,231,17348.73
20-08-15,232,16990.69
21-08-15,233,16459.75
24-08-15,236,15871.35
25-08-15,237,15666.44
26-08-15,238,16285.51
27-08-15,239,16654.77
28-08-15,240,16643.01
31-08-15,243,16528.03
01-09-15,244,16058.35
02-09-15,245,16351.38
03-09-15,246,16374.76
04-09-15,247,16102.38
08-09-15,251,16492.68
09-09-15,252,16253.57
10-09-15,253,16330.4
11-09-15,254,16433.09
14-09-15,257,16370.96
15-09-15,258,16599.85
16-09-15,259,16739.95
17-09-15,260,16674.74
18-09-15,261,16384.58
21-09-15,264,16510.19
22-09-15,265,16330.47
23-09-15,266,16279.89
24-09-15,267,16201.32
25-09-15,268,16314.67
28-09-15,271,16001.89
29-09-15,272,16049.13
30-09-15,273,16284.7
01-10-15,274,16272.01
02-10-15,275,16472.37
05-10-15,278,16776.43
06-10-15,279,16790.19
07-10-15,280,16912.29
08-10-15,281,17050.75
09-10-15,282,17084.49
12-10-15,285,17131.86
13-10-15,286,17081.89
14-10-15,287,16924.75
15-10-15,288,17141.75
16-10-15,289,17215.97
19-10-15,292,17230.54
20-10-15,293,17217.11
21-10-15,294,17168.61
22-10-15,295,17489.16
23-10-15,296,17646.7
26-10-15,299,17623.05
27-10-15,300,17581.43
28-10-15,301,17779.52
29-10-15,302,17755.8
30-10-15,303,17663.54
02-11-15,306,17828.76
03-11-15,307,17918.15
04-11-15,308,17867.58
05-11-15,309,17863.43
06-11-15,310,17910.33
09-11-15,313,17730.48
10-11-15,314,17758.21
11-11-15,315,17702.22
12-11-15,316,17448.07
13-11-15,317,17245.24
16-11-15,320,17483.01
17-11-15,321,17489.5
18-11-15,322,17737.16
19-11-15,323,17732.75
20-11-15,324,17823.81
23-11-15,327,17792.68
24-11-15,328,17812.19
25-11-15,329,17813.39
27-11-15,331,17798.49
30-11-15,334,17719.92
01-12-15,335,17888.35
02-12-15,336,17729.68
03-12-15,337,17477.67
04-12-15,338,17847.63
07-12-15,341,17730.51
08-12-15,342,17568
09-12-15,343,17492.3
10-12-15,344,17574.75
11-12-15,345,17265.21
14-12-15,348,17368.5
15-12-15,349,17524.91
16-12-15,350,17749.09
17-12-15,351,17495.84
18-12-15,352,17128.55
21-12-15,355,17251.62
22-12-15,356,17417.27
23-12-15,357,17602.61
24-12-15,358,17552.17
28-12-15,362,17528.27
29-12-15,363,17720.98
30-12-15,364,17603.87
31-12-15,365,17425.03
