y,x,Date
931.799988,2,02-01-09
927.450012,5,05-01-09
934.700012,6,06-01-09
906.650024,7,07-01-09
909.72998,8,08-01-09
890.349976,9,09-01-09
870.26001,12,12-01-09
871.789978,13,13-01-09
842.619995,14,14-01-09
843.73999,15,15-01-09
850.119995,16,16-01-09
805.219971,20,20-01-09
840.23999,21,21-01-09
827.5,22,22-01-09
831.950012,23,23-01-09
836.570007,26,26-01-09
845.710022,27,27-01-09
874.090027,28,28-01-09
845.140015,29,29-01-09
825.880005,30,30-01-09
825.440002,33,02-02-09
838.51001,34,03-02-09
832.22998,35,04-02-09
845.849976,36,05-02-09
868.599976,37,06-02-09
869.890015,40,09-02-09
827.159973,41,10-02-09
833.73999,42,11-02-09
835.190002,43,12-02-09
826.840027,44,13-02-09
789.169983,48,17-02-09
788.419983,49,18-02-09
778.940002,50,19-02-09
770.049988,51,20-02-09
743.330017,54,23-02-09
773.140015,55,24-02-09
764.900024,56,25-02-09
752.830017,57,26-02-09
735.090027,58,27-02-09
700.820007,61,02-03-09
696.330017,62,03-03-09
712.869995,63,04-03-09
682.549988,64,05-03-09
683.380005,65,06-03-09
676.530029,68,09-03-09
719.599976,69,10-03-09
721.359985,70,11-03-09
750.73999,71,12-03-09
756.549988,72,13-03-09
753.890015,75,16-03-09
778.119995,76,17-03-09
794.349976,77,18-03-09
784.039978,78,19-03-09
768.539978,79,20-03-09
822.919983,82,23-03-09
806.119995,83,24-03-09
813.880005,84,25-03-09
832.859985,85,26-03-09
815.940002,86,27-03-09
787.530029,89,30-03-09
797.869995,90,31-03-09
811.080017,91,01-04-09
834.380005,92,02-04-09
842.5,93,03-04-09
835.47998,96,06-04-09
815.549988,97,07-04-09
825.159973,98,08-04-09
856.559998,99,09-04-09
858.72998,103,13-04-09
841.5,104,14-04-09
852.059998,105,15-04-09
865.299988,106,16-04-09
869.599976,107,17-04-09
832.390015,110,20-04-09
850.080017,111,21-04-09
843.549988,112,22-04-09
851.919983,113,23-04-09
866.22998,114,24-04-09
857.51001,117,27-04-09
855.159973,118,28-04-09
873.640015,119,29-04-09
872.809998,120,30-04-09
877.52002,121,01-05-09
907.23999,124,04-05-09
903.799988,125,05-05-09
919.530029,126,06-05-09
907.390015,127,07-05-09
929.22998,128,08-05-09
909.23999,131,11-05-09
908.349976,132,12-05-09
883.919983,133,13-05-09
893.070007,134,14-05-09
882.880005,135,15-05-09
909.710022,138,18-05-09
908.130005,139,19-05-09
903.469971,140,20-05-09
888.330017,141,21-05-09
887,142,22-05-09
910.330017,146,26-05-09
893.059998,147,27-05-09
906.830017,148,28-05-09
919.140015,149,29-05-09
942.869995,152,01-06-09
944.73999,153,02-06-09
931.76001,154,03-06-09
942.460022,155,04-06-09
940.090027,156,05-06-09
939.140015,159,08-06-09
942.429993,160,09-06-09
939.150024,161,10-06-09
944.890015,162,11-06-09
946.210022,163,12-06-09
923.719971,166,15-06-09
911.969971,167,16-06-09
910.710022,168,17-06-09
918.369995,169,18-06-09
921.22998,170,19-06-09
893.039978,173,22-06-09
895.099976,174,23-06-09
900.940002,175,24-06-09
920.26001,176,25-06-09
918.900024,177,26-06-09
927.22998,180,29-06-09
919.320007,181,30-06-09
923.330017,182,01-07-09
896.419983,183,02-07-09
898.719971,187,06-07-09
881.030029,188,07-07-09
879.559998,189,08-07-09
882.679993,190,09-07-09
879.130005,191,10-07-09
901.049988,194,13-07-09
905.840027,195,14-07-09
932.679993,196,15-07-09
940.73999,197,16-07-09
940.380005,198,17-07-09
951.130005,201,20-07-09
954.580017,202,21-07-09
954.070007,203,22-07-09
976.289978,204,23-07-09
979.26001,205,24-07-09
982.179993,208,27-07-09
979.619995,209,28-07-09
975.150024,210,29-07-09
986.75,211,30-07-09
987.47998,212,31-07-09
1002.630005,215,03-08-09
1005.650024,216,04-08-09
1002.719971,217,05-08-09
997.080017,218,06-08-09
1010.47998,219,07-08-09
1007.099976,222,10-08-09
994.349976,223,11-08-09
1005.809998,224,12-08-09
1012.72998,225,13-08-09
1004.090027,226,14-08-09
979.72998,229,17-08-09
989.669983,230,18-08-09
996.460022,231,19-08-09
1007.369995,232,20-08-09
1026.130005,233,21-08-09
1025.569946,236,24-08-09
1028,237,25-08-09
1028.119995,238,26-08-09
1030.97998,239,27-08-09
1028.930054,240,28-08-09
1020.619995,243,31-08-09
998.039978,244,01-09-09
994.75,245,02-09-09
1003.23999,246,03-09-09
1016.400024,247,04-09-09
1025.390015,251,08-09-09
1033.369995,252,09-09-09
1044.140015,253,10-09-09
1042.72998,254,11-09-09
1049.339966,257,14-09-09
1052.630005,258,15-09-09
1068.76001,259,16-09-09
1065.48999,260,17-09-09
1068.300049,261,18-09-09
1064.660034,264,21-09-09
1071.660034,265,22-09-09
1060.869995,266,23-09-09
1050.780029,267,24-09-09
1044.380005,268,25-09-09
1062.97998,271,28-09-09
1060.609985,272,29-09-09
1057.079956,273,30-09-09
1029.849976,274,01-10-09
1025.209961,275,02-10-09
1040.459961,278,05-10-09
1054.719971,279,06-10-09
1057.579956,280,07-10-09
1065.47998,281,08-10-09
1071.48999,282,09-10-09
1076.189941,285,12-10-09
1073.189941,286,13-10-09
1092.02002,287,14-10-09
1096.560059,288,15-10-09
1087.680054,289,16-10-09
1097.910034,292,19-10-09
1091.060059,293,20-10-09
1081.400024,294,21-10-09
1092.910034,295,22-10-09
1079.599976,296,23-10-09
1066.949951,299,26-10-09
1063.410034,300,27-10-09
1042.630005,301,28-10-09
1066.109985,302,29-10-09
1036.189941,303,30-10-09
1042.880005,306,02-11-09
1045.410034,307,03-11-09
1046.5,308,04-11-09
1066.630005,309,05-11-09
1069.300049,310,06-11-09
1093.079956,313,09-11-09
1093.01001,314,10-11-09
1098.51001,315,11-11-09
1087.23999,316,12-11-09
1093.47998,317,13-11-09
1109.300049,320,16-11-09
1110.319946,321,17-11-09
1109.800049,322,18-11-09
1094.900024,323,19-11-09
1091.380005,324,20-11-09
1106.23999,327,23-11-09
1105.650024,328,24-11-09
1110.630005,329,25-11-09
1091.48999,331,27-11-09
1095.630005,334,30-11-09
1108.859985,335,01-12-09
1109.23999,336,02-12-09
1099.920044,337,03-12-09
1105.97998,338,04-12-09
1103.25,341,07-12-09
1091.939941,342,08-12-09
1095.949951,343,09-12-09
1102.349976,344,10-12-09
1106.410034,345,11-12-09
1114.109985,348,14-12-09
1107.930054,349,15-12-09
1109.180054,350,16-12-09
1096.079956,351,17-12-09
1102.469971,352,18-12-09
1114.050049,355,21-12-09
1118.02002,356,22-12-09
1120.589966,357,23-12-09
1126.47998,358,24-12-09
1127.780029,362,28-12-09
1126.199951,363,29-12-09
1126.420044,364,30-12-09
1115.099976,365,31-12-09
1132.98999,4,04-01-10
1136.52002,5,05-01-10
1137.140015,6,06-01-10
1141.689941,7,07-01-10
1144.97998,8,08-01-10
1146.97998,11,11-01-10
1136.219971,12,12-01-10
1145.680054,13,13-01-10
1148.459961,14,14-01-10
1136.030029,15,15-01-10
1150.22998,19,19-01-10
1138.040039,20,20-01-10
1116.47998,21,21-01-10
1091.76001,22,22-01-10
1096.780029,25,25-01-10
1092.170044,26,26-01-10
1097.5,27,27-01-10
1084.530029,28,28-01-10
1073.869995,29,29-01-10
1089.189941,32,01-02-10
1103.319946,33,02-02-10
1097.280029,34,03-02-10
1063.109985,35,04-02-10
1066.189941,36,05-02-10
1056.73999,39,08-02-10
1070.52002,40,09-02-10
1068.130005,41,10-02-10
1078.469971,42,11-02-10
1075.51001,43,12-02-10
1094.869995,47,16-02-10
1099.51001,48,17-02-10
1106.75,49,18-02-10
1109.170044,50,19-02-10
1108.01001,53,22-02-10
1094.599976,54,23-02-10
1105.23999,55,24-02-10
1102.939941,56,25-02-10
1104.48999,57,26-02-10
1115.709961,60,01-03-10
1118.310059,61,02-03-10
1118.790039,62,03-03-10
1122.969971,63,04-03-10
1138.699951,64,05-03-10
1138.5,67,08-03-10
1140.449951,68,09-03-10
1145.609985,69,10-03-10
1150.23999,70,11-03-10
1149.98999,71,12-03-10
1150.51001,74,15-03-10
1159.459961,75,16-03-10
1166.209961,76,17-03-10
1165.829956,77,18-03-10
1159.900024,78,19-03-10
1165.810059,81,22-03-10
1174.170044,82,23-03-10
1167.719971,83,24-03-10
1165.72998,84,25-03-10
1166.589966,85,26-03-10
1173.219971,88,29-03-10
1173.27002,89,30-03-10
1169.430054,90,31-03-10
1178.099976,91,01-04-10
1187.439941,95,05-04-10
1189.439941,96,06-04-10
1182.449951,97,07-04-10
1186.439941,98,08-04-10
1194.369995,99,09-04-10
1196.47998,102,12-04-10
1197.300049,103,13-04-10
1210.650024,104,14-04-10
1211.670044,105,15-04-10
1192.130005,106,16-04-10
1197.52002,109,19-04-10
1207.170044,110,20-04-10
1205.939941,111,21-04-10
1208.670044,112,22-04-10
1217.280029,113,23-04-10
1212.050049,116,26-04-10
1183.709961,117,27-04-10
1191.359985,118,28-04-10
1206.780029,119,29-04-10
1186.689941,120,30-04-10
1202.26001,123,03-05-10
1173.599976,124,04-05-10
1165.869995,125,05-05-10
1128.150024,126,06-05-10
1110.880005,127,07-05-10
1159.72998,130,10-05-10
1155.790039,131,11-05-10
1171.670044,132,12-05-10
1157.439941,133,13-05-10
1135.680054,134,14-05-10
1136.939941,137,17-05-10
1120.800049,138,18-05-10
1115.050049,139,19-05-10
1071.589966,140,20-05-10
1087.689941,141,21-05-10
1073.650024,144,24-05-10
1074.030029,145,25-05-10
1067.949951,146,26-05-10
1103.060059,147,27-05-10
1089.410034,148,28-05-10
1070.709961,152,01-06-10
1098.380005,153,02-06-10
1102.829956,154,03-06-10
1064.880005,155,04-06-10
1050.469971,158,07-06-10
1062,159,08-06-10
1055.689941,160,09-06-10
1086.839966,161,10-06-10
1091.599976,162,11-06-10
1089.630005,165,14-06-10
1115.22998,166,15-06-10
1114.609985,167,16-06-10
1116.040039,168,17-06-10
1117.51001,169,18-06-10
1113.199951,172,21-06-10
1095.310059,173,22-06-10
1092.040039,174,23-06-10
1073.689941,175,24-06-10
1076.76001,176,25-06-10
1074.569946,179,28-06-10
1041.23999,180,29-06-10
1030.709961,181,30-06-10
1027.369995,182,01-07-10
1022.580017,183,02-07-10
1028.060059,187,06-07-10
1060.27002,188,07-07-10
1070.25,189,08-07-10
1077.959961,190,09-07-10
1078.75,193,12-07-10
1095.339966,194,13-07-10
1095.170044,195,14-07-10
1096.47998,196,15-07-10
1064.880005,197,16-07-10
1071.25,200,19-07-10
1083.47998,201,20-07-10
1069.589966,202,21-07-10
1093.670044,203,22-07-10
1102.660034,204,23-07-10
1115.01001,207,26-07-10
1113.839966,208,27-07-10
1106.130005,209,28-07-10
1101.530029,210,29-07-10
1101.599976,211,30-07-10
1125.859985,214,02-08-10
1120.459961,215,03-08-10
1127.23999,216,04-08-10
1125.810059,217,05-08-10
1121.640015,218,06-08-10
1127.790039,221,09-08-10
1121.060059,222,10-08-10
1089.469971,223,11-08-10
1083.609985,224,12-08-10
1079.25,225,13-08-10
1079.380005,228,16-08-10
1092.540039,229,17-08-10
1094.160034,230,18-08-10
1075.630005,231,19-08-10
1071.689941,232,20-08-10
1067.359985,235,23-08-10
1051.869995,236,24-08-10
1055.329956,237,25-08-10
1047.219971,238,26-08-10
1064.589966,239,27-08-10
1048.920044,242,30-08-10
1049.329956,243,31-08-10
1080.290039,244,01-09-10
1090.099976,245,02-09-10
1104.51001,246,03-09-10
1091.839966,250,07-09-10
1098.869995,251,08-09-10
1104.180054,252,09-09-10
1109.550049,253,10-09-10
1121.900024,256,13-09-10
1121.099976,257,14-09-10
1125.069946,258,15-09-10
1124.660034,259,16-09-10
1125.589966,260,17-09-10
1142.709961,263,20-09-10
1139.780029,264,21-09-10
1134.280029,265,22-09-10
1124.829956,266,23-09-10
1148.670044,267,24-09-10
1142.160034,270,27-09-10
1147.699951,271,28-09-10
1144.72998,272,29-09-10
1141.199951,273,30-09-10
1146.23999,274,01-10-10
1137.030029,277,04-10-10
1160.75,278,05-10-10
1159.969971,279,06-10-10
1158.060059,280,07-10-10
1165.150024,281,08-10-10
1165.319946,284,11-10-10
1169.77002,285,12-10-10
1178.099976,286,13-10-10
1173.810059,287,14-10-10
1176.189941,288,15-10-10
1184.709961,291,18-10-10
1165.900024,292,19-10-10
1178.170044,293,20-10-10
1180.26001,294,21-10-10
1183.079956,295,22-10-10
1185.619995,298,25-10-10
1185.640015,299,26-10-10
1182.449951,300,27-10-10
1183.780029,301,28-10-10
1183.26001,302,29-10-10
1184.380005,305,01-11-10
1193.569946,306,02-11-10
1197.959961,307,03-11-10
1221.060059,308,04-11-10
1225.849976,309,05-11-10
1223.25,312,08-11-10
1213.400024,313,09-11-10
1218.709961,314,10-11-10
1213.540039,315,11-11-10
1199.209961,316,12-11-10
1197.75,319,15-11-10
1178.339966,320,16-11-10
1178.589966,321,17-11-10
1196.689941,322,18-11-10
1199.72998,323,19-11-10
1197.839966,326,22-11-10
1180.72998,327,23-11-10
1198.349976,328,24-11-10
1189.400024,330,26-11-10
1187.76001,333,29-11-10
1180.550049,334,30-11-10
1206.069946,335,01-12-10
1221.530029,336,02-12-10
1224.709961,337,03-12-10
1223.119995,340,06-12-10
1223.75,341,07-12-10
1228.280029,342,08-12-10
1233,343,09-12-10
1240.400024,344,10-12-10
1240.459961,347,13-12-10
1241.589966,348,14-12-10
1235.22998,349,15-12-10
1242.869995,350,16-12-10
1243.910034,351,17-12-10
1247.079956,354,20-12-10
1254.599976,355,21-12-10
1258.839966,356,22-12-10
1256.77002,357,23-12-10
1257.540039,361,27-12-10
1258.51001,362,28-12-10
1259.780029,363,29-12-10
1257.880005,364,30-12-10
1257.640015,365,31-12-10
1271.869995,3,03-01-11
1270.199951,4,04-01-11
1276.560059,5,05-01-11
1273.849976,6,06-01-11
1271.5,7,07-01-11
1269.75,10,10-01-11
1274.47998,11,11-01-11
1285.959961,12,12-01-11
1283.76001,13,13-01-11
1293.23999,14,14-01-11
1295.02002,18,18-01-11
1281.920044,19,19-01-11
1280.26001,20,20-01-11
1283.349976,21,21-01-11
1290.839966,24,24-01-11
1291.180054,25,25-01-11
1296.630005,26,26-01-11
1299.540039,27,27-01-11
1276.339966,28,28-01-11
1286.119995,31,31-01-11
1307.589966,32,01-02-11
1304.030029,33,02-02-11
1307.099976,34,03-02-11
1310.869995,35,04-02-11
1319.050049,38,07-02-11
1324.569946,39,08-02-11
1320.880005,40,09-02-11
1321.869995,41,10-02-11
1329.150024,42,11-02-11
1332.319946,45,14-02-11
1328.01001,46,15-02-11
1336.319946,47,16-02-11
1340.430054,48,17-02-11
1343.01001,49,18-02-11
1315.439941,53,22-02-11
1307.400024,54,23-02-11
1306.099976,55,24-02-11
1319.880005,56,25-02-11
1327.219971,59,28-02-11
1306.329956,60,01-03-11
1308.439941,61,02-03-11
1330.969971,62,03-03-11
1321.150024,63,04-03-11
1310.130005,66,07-03-11
1321.819946,67,08-03-11
1320.02002,68,09-03-11
1295.109985,69,10-03-11
1304.280029,70,11-03-11
1296.390015,73,14-03-11
1281.869995,74,15-03-11
1256.880005,75,16-03-11
1273.719971,76,17-03-11
1279.209961,77,18-03-11
1298.380005,80,21-03-11
1293.77002,81,22-03-11
1297.540039,82,23-03-11
1309.660034,83,24-03-11
1313.800049,84,25-03-11
1310.189941,87,28-03-11
1319.439941,88,29-03-11
1328.26001,89,30-03-11
1325.829956,90,31-03-11
1332.410034,91,01-04-11
1332.869995,94,04-04-11
1332.630005,95,05-04-11
1335.540039,96,06-04-11
1333.51001,97,07-04-11
1328.170044,98,08-04-11
1324.459961,101,11-04-11
1314.160034,102,12-04-11
1314.410034,103,13-04-11
1314.52002,104,14-04-11
1319.680054,105,15-04-11
1305.140015,108,18-04-11
1312.619995,109,19-04-11
1330.359985,110,20-04-11
1337.380005,111,21-04-11
1335.25,115,25-04-11
1347.23999,116,26-04-11
1355.660034,117,27-04-11
1360.47998,118,28-04-11
1363.609985,119,29-04-11
1361.219971,122,02-05-11
1356.619995,123,03-05-11
1347.319946,124,04-05-11
1335.099976,125,05-05-11
1340.199951,126,06-05-11
1346.290039,129,09-05-11
1357.160034,130,10-05-11
1342.079956,131,11-05-11
1348.650024,132,12-05-11
1337.77002,133,13-05-11
1329.469971,136,16-05-11
1328.97998,137,17-05-11
1340.680054,138,18-05-11
1343.599976,139,19-05-11
1333.27002,140,20-05-11
1317.369995,143,23-05-11
1316.280029,144,24-05-11
1320.469971,145,25-05-11
1325.689941,146,26-05-11
1331.099976,147,27-05-11
1345.199951,151,31-05-11
1314.550049,152,01-06-11
1312.939941,153,02-06-11
1300.160034,154,03-06-11
1286.170044,157,06-06-11
1284.939941,158,07-06-11
1279.560059,159,08-06-11
1289,160,09-06-11
1270.97998,161,10-06-11
1271.829956,164,13-06-11
1287.869995,165,14-06-11
1265.420044,166,15-06-11
1267.640015,167,16-06-11
1271.5,168,17-06-11
1278.359985,171,20-06-11
1295.52002,172,21-06-11
1287.140015,173,22-06-11
1283.5,174,23-06-11
1268.449951,175,24-06-11
1280.099976,178,27-06-11
1296.670044,179,28-06-11
1307.410034,180,29-06-11
1320.640015,181,30-06-11
1339.670044,182,01-07-11
1337.880005,186,05-07-11
1339.219971,187,06-07-11
1353.219971,188,07-07-11
1343.800049,189,08-07-11
1319.48999,192,11-07-11
1313.640015,193,12-07-11
1317.719971,194,13-07-11
1308.869995,195,14-07-11
1316.140015,196,15-07-11
1305.439941,199,18-07-11
1326.72998,200,19-07-11
1325.839966,201,20-07-11
1343.800049,202,21-07-11
1345.02002,203,22-07-11
1337.430054,206,25-07-11
1331.939941,207,26-07-11
1304.890015,208,27-07-11
1300.670044,209,28-07-11
1292.280029,210,29-07-11
1286.939941,213,01-08-11
1254.050049,214,02-08-11
1260.339966,215,03-08-11
1200.069946,216,04-08-11
1199.380005,217,05-08-11
1119.459961,220,08-08-11
1172.530029,221,09-08-11
1120.76001,222,10-08-11
1172.640015,223,11-08-11
1178.810059,224,12-08-11
1204.48999,227,15-08-11
1192.76001,228,16-08-11
1193.890015,229,17-08-11
1140.650024,230,18-08-11
1123.530029,231,19-08-11
1123.819946,234,22-08-11
1162.349976,235,23-08-11
1177.599976,236,24-08-11
1159.27002,237,25-08-11
1176.800049,238,26-08-11
1210.079956,241,29-08-11
1212.920044,242,30-08-11
1218.890015,243,31-08-11
1204.420044,244,01-09-11
1173.969971,245,02-09-11
1165.23999,249,06-09-11
1198.619995,250,07-09-11
1185.900024,251,08-09-11
1154.22998,252,09-09-11
1162.27002,255,12-09-11
1172.869995,256,13-09-11
1188.680054,257,14-09-11
1209.109985,258,15-09-11
1216.01001,259,16-09-11
1204.089966,262,19-09-11
1202.089966,263,20-09-11
1166.76001,264,21-09-11
1129.560059,265,22-09-11
1136.430054,266,23-09-11
1162.949951,269,26-09-11
1175.380005,270,27-09-11
1151.060059,271,28-09-11
1160.400024,272,29-09-11
1131.420044,273,30-09-11
1099.22998,276,03-10-11
1123.949951,277,04-10-11
1144.030029,278,05-10-11
1164.969971,279,06-10-11
1155.459961,280,07-10-11
1194.890015,283,10-10-11
1195.540039,284,11-10-11
1207.25,285,12-10-11
1203.660034,286,13-10-11
1224.579956,287,14-10-11
1200.859985,290,17-10-11
1225.380005,291,18-10-11
1209.880005,292,19-10-11
1215.390015,293,20-10-11
1238.25,294,21-10-11
1254.189941,297,24-10-11
1229.050049,298,25-10-11
1242,299,26-10-11
1284.589966,300,27-10-11
1285.089966,301,28-10-11
1253.300049,304,31-10-11
1218.280029,305,01-11-11
1237.900024,306,02-11-11
1261.150024,307,03-11-11
1253.22998,308,04-11-11
1261.119995,311,07-11-11
1275.920044,312,08-11-11
1229.099976,313,09-11-11
1239.699951,314,10-11-11
1263.849976,315,11-11-11
1251.780029,318,14-11-11
1257.810059,319,15-11-11
1236.910034,320,16-11-11
1216.130005,321,17-11-11
1215.650024,322,18-11-11
1192.97998,325,21-11-11
1188.040039,326,22-11-11
1161.790039,327,23-11-11
1158.670044,329,25-11-11
1192.550049,332,28-11-11
1195.189941,333,29-11-11
1246.959961,334,30-11-11
1244.579956,335,01-12-11
1244.280029,336,02-12-11
1257.079956,339,05-12-11
1258.469971,340,06-12-11
1261.01001,341,07-12-11
1234.349976,342,08-12-11
1255.189941,343,09-12-11
1236.469971,346,12-12-11
1225.72998,347,13-12-11
1211.819946,348,14-12-11
1215.75,349,15-12-11
1219.660034,350,16-12-11
1205.349976,353,19-12-11
1241.300049,354,20-12-11
1243.719971,355,21-12-11
1254,356,22-12-11
1265.329956,357,23-12-11
1265.430054,361,27-12-11
1249.640015,362,28-12-11
1263.02002,363,29-12-11
1257.599976,364,30-12-11
1277.060059,3,03-01-12
1277.300049,4,04-01-12
1281.060059,5,05-01-12
1277.810059,6,06-01-12
1280.699951,9,09-01-12
1292.079956,10,10-01-12
1292.47998,11,11-01-12
1295.5,12,12-01-12
1289.089966,13,13-01-12
1293.670044,17,17-01-12
1308.040039,18,18-01-12
1314.5,19,19-01-12
1315.380005,20,20-01-12
1316,23,23-01-12
1314.650024,24,24-01-12
1326.060059,25,25-01-12
1318.430054,26,26-01-12
1316.329956,27,27-01-12
1313.01001,30,30-01-12
1312.410034,31,31-01-12
1324.089966,32,01-02-12
1325.540039,33,02-02-12
1344.900024,34,03-02-12
1344.329956,37,06-02-12
1347.050049,38,07-02-12
1349.959961,39,08-02-12
1351.949951,40,09-02-12
1342.640015,41,10-02-12
1351.77002,44,13-02-12
1350.5,45,14-02-12
1343.22998,46,15-02-12
1358.040039,47,16-02-12
1361.22998,48,17-02-12
1362.209961,52,21-02-12
1357.660034,53,22-02-12
1363.459961,54,23-02-12
1365.73999,55,24-02-12
1367.589966,58,27-02-12
1372.180054,59,28-02-12
1365.680054,60,29-02-12
1374.089966,61,01-03-12
1369.630005,62,02-03-12
1364.329956,65,05-03-12
1343.359985,66,06-03-12
1352.630005,67,07-03-12
1365.910034,68,08-03-12
1370.869995,69,09-03-12
1371.089966,72,12-03-12
1395.949951,73,13-03-12
1394.280029,74,14-03-12
1402.599976,75,15-03-12
1404.170044,76,16-03-12
1409.75,79,19-03-12
1405.52002,80,20-03-12
1402.890015,81,21-03-12
1392.780029,82,22-03-12
1397.109985,83,23-03-12
1416.51001,86,26-03-12
1412.52002,87,27-03-12
1405.540039,88,28-03-12
1403.280029,89,29-03-12
1408.469971,90,30-03-12
1419.040039,93,02-04-12
1413.380005,94,03-04-12
1398.959961,95,04-04-12
1398.079956,96,05-04-12
1382.199951,100,09-04-12
1358.589966,101,10-04-12
1368.709961,102,11-04-12
1387.569946,103,12-04-12
1370.26001,104,13-04-12
1369.569946,107,16-04-12
1390.780029,108,17-04-12
1385.140015,109,18-04-12
1376.920044,110,19-04-12
1378.530029,111,20-04-12
1366.939941,114,23-04-12
1371.969971,115,24-04-12
1390.689941,116,25-04-12
1399.97998,117,26-04-12
1403.359985,118,27-04-12
1397.910034,121,30-04-12
1405.819946,122,01-05-12
1402.310059,123,02-05-12
1391.569946,124,03-05-12
1369.099976,125,04-05-12
1369.579956,128,07-05-12
1363.719971,129,08-05-12
1354.579956,130,09-05-12
1357.98999,131,10-05-12
1353.390015,132,11-05-12
1338.349976,135,14-05-12
1330.660034,136,15-05-12
1324.800049,137,16-05-12
1304.859985,138,17-05-12
1295.219971,139,18-05-12
1315.98999,142,21-05-12
1316.630005,143,22-05-12
1318.859985,144,23-05-12
1320.680054,145,24-05-12
1317.819946,146,25-05-12
1332.420044,150,29-05-12
1313.319946,151,30-05-12
1310.329956,152,31-05-12
1278.040039,153,01-06-12
1278.180054,156,04-06-12
1285.5,157,05-06-12
1315.130005,158,06-06-12
1314.98999,159,07-06-12
1325.660034,160,08-06-12
1308.930054,163,11-06-12
1324.180054,164,12-06-12
1314.880005,165,13-06-12
1329.099976,166,14-06-12
1342.839966,167,15-06-12
1344.780029,170,18-06-12
1357.97998,171,19-06-12
1355.689941,172,20-06-12
1325.51001,173,21-06-12
1335.02002,174,22-06-12
1313.719971,177,25-06-12
1319.98999,178,26-06-12
1331.849976,179,27-06-12
1329.040039,180,28-06-12
1362.160034,181,29-06-12
1365.51001,184,02-07-12
1374.02002,185,03-07-12
1367.579956,187,05-07-12
1354.680054,188,06-07-12
1352.459961,191,09-07-12
1341.469971,192,10-07-12
1341.449951,193,11-07-12
1334.76001,194,12-07-12
1356.780029,195,13-07-12
1353.640015,198,16-07-12
1363.670044,199,17-07-12
1372.780029,200,18-07-12
1376.51001,201,19-07-12
1362.660034,202,20-07-12
1350.52002,205,23-07-12
1338.310059,206,24-07-12
1337.890015,207,25-07-12
1360.02002,208,26-07-12
1385.969971,209,27-07-12
1385.300049,212,30-07-12
1379.319946,213,31-07-12
1375.319946,214,01-08-12
1365,215,02-08-12
1390.98999,216,03-08-12
1394.22998,219,06-08-12
1401.349976,220,07-08-12
1402.219971,221,08-08-12
1402.800049,222,09-08-12
1405.869995,223,10-08-12
1404.109985,226,13-08-12
1403.930054,227,14-08-12
1405.530029,228,15-08-12
1415.51001,229,16-08-12
1418.160034,230,17-08-12
1418.130005,233,20-08-12
1413.170044,234,21-08-12
1413.48999,235,22-08-12
1402.079956,236,23-08-12
1411.130005,237,24-08-12
1410.439941,240,27-08-12
1409.300049,241,28-08-12
1410.48999,242,29-08-12
1399.47998,243,30-08-12
1406.579956,244,31-08-12
1404.939941,248,04-09-12
1403.439941,249,05-09-12
1432.119995,250,06-09-12
1437.920044,251,07-09-12
1429.079956,254,10-09-12
1433.560059,255,11-09-12
1436.560059,256,12-09-12
1459.98999,257,13-09-12
1465.77002,258,14-09-12
1461.189941,261,17-09-12
1459.319946,262,18-09-12
1461.050049,263,19-09-12
1460.26001,264,20-09-12
1460.150024,265,21-09-12
1456.890015,268,24-09-12
1441.589966,269,25-09-12
1433.319946,270,26-09-12
1447.150024,271,27-09-12
1440.670044,272,28-09-12
1444.48999,275,01-10-12
1445.75,276,02-10-12
1450.98999,277,03-10-12
1461.400024,278,04-10-12
1460.930054,279,05-10-12
1455.880005,282,08-10-12
1441.47998,283,09-10-12
1432.560059,284,10-10-12
1432.839966,285,11-10-12
1428.589966,286,12-10-12
1440.130005,289,15-10-12
1454.920044,290,16-10-12
1460.910034,291,17-10-12
1457.339966,292,18-10-12
1433.189941,293,19-10-12
1433.819946,296,22-10-12
1413.109985,297,23-10-12
1408.75,298,24-10-12
1412.969971,299,25-10-12
1411.939941,300,26-10-12
1412.160034,305,31-10-12
1427.589966,306,01-11-12
1414.199951,307,02-11-12
1417.26001,310,05-11-12
1428.390015,311,06-11-12
1394.530029,312,07-11-12
1377.51001,313,08-11-12
1379.849976,314,09-11-12
1380.030029,317,12-11-12
1374.530029,318,13-11-12
1355.48999,319,14-11-12
1353.329956,320,15-11-12
1359.880005,321,16-11-12
1386.890015,324,19-11-12
1387.810059,325,20-11-12
1391.030029,326,21-11-12
1409.150024,328,23-11-12
1406.290039,331,26-11-12
1398.939941,332,27-11-12
1409.930054,333,28-11-12
1415.949951,334,29-11-12
1416.180054,335,30-11-12
1409.459961,338,03-12-12
1407.050049,339,04-12-12
1409.280029,340,05-12-12
1413.939941,341,06-12-12
1418.069946,342,07-12-12
1418.550049,345,10-12-12
1427.839966,346,11-12-12
1428.47998,347,12-12-12
1419.449951,348,13-12-12
1413.579956,349,14-12-12
1430.359985,352,17-12-12
1446.790039,353,18-12-12
1435.810059,354,19-12-12
1443.689941,355,20-12-12
1430.150024,356,21-12-12
1426.660034,359,24-12-12
1419.829956,361,26-12-12
1418.099976,362,27-12-12
1402.430054,363,28-12-12
1426.189941,366,31-12-12
1462.420044,2,02-01-13
1459.369995,3,03-01-13
1466.469971,4,04-01-13
1461.890015,7,07-01-13
1457.150024,8,08-01-13
1461.02002,9,09-01-13
1472.119995,10,10-01-13
1472.050049,11,11-01-13
1470.680054,14,14-01-13
1472.339966,15,15-01-13
1472.630005,16,16-01-13
1480.939941,17,17-01-13
1485.97998,18,18-01-13
1492.560059,22,22-01-13
1494.810059,23,23-01-13
1494.819946,24,24-01-13
1502.959961,25,25-01-13
1500.180054,28,28-01-13
1507.839966,29,29-01-13
1501.959961,30,30-01-13
1498.109985,31,31-01-13
1513.170044,32,01-02-13
1495.709961,35,04-02-13
1511.290039,36,05-02-13
1512.119995,37,06-02-13
1509.390015,38,07-02-13
1517.930054,39,08-02-13
1517.01001,42,11-02-13
1519.430054,43,12-02-13
1520.329956,44,13-02-13
1521.380005,45,14-02-13
1519.790039,46,15-02-13
1530.939941,50,19-02-13
1511.949951,51,20-02-13
1502.420044,52,21-02-13
1515.599976,53,22-02-13
1487.849976,56,25-02-13
1496.939941,57,26-02-13
1515.98999,58,27-02-13
1514.680054,59,28-02-13
1518.199951,60,01-03-13
1525.199951,63,04-03-13
1539.790039,64,05-03-13
1541.459961,65,06-03-13
1544.26001,66,07-03-13
1551.180054,67,08-03-13
1556.219971,70,11-03-13
1552.47998,71,12-03-13
1554.52002,72,13-03-13
1563.22998,73,14-03-13
1560.699951,74,15-03-13
1552.099976,77,18-03-13
1548.339966,78,19-03-13
1558.709961,79,20-03-13
1545.800049,80,21-03-13
1556.890015,81,22-03-13
1551.689941,84,25-03-13
1563.77002,85,26-03-13
1562.849976,86,27-03-13
1569.189941,87,28-03-13
1562.170044,91,01-04-13
1570.25,92,02-04-13
1553.689941,93,03-04-13
1559.97998,94,04-04-13
1553.280029,95,05-04-13
1563.069946,98,08-04-13
1568.609985,99,09-04-13
1587.72998,100,10-04-13
1593.369995,101,11-04-13
1588.849976,102,12-04-13
1552.359985,105,15-04-13
1574.569946,106,16-04-13
1552.01001,107,17-04-13
1541.609985,108,18-04-13
1555.25,109,19-04-13
1562.5,112,22-04-13
1578.780029,113,23-04-13
1578.790039,114,24-04-13
1585.160034,115,25-04-13
1582.23999,116,26-04-13
1593.609985,119,29-04-13
1597.569946,120,30-04-13
1582.699951,121,01-05-13
1597.589966,122,02-05-13
1614.420044,123,03-05-13
1617.5,126,06-05-13
1625.959961,127,07-05-13
1632.689941,128,08-05-13
1626.670044,129,09-05-13
1633.699951,130,10-05-13
1633.77002,133,13-05-13
1650.339966,134,14-05-13
1658.780029,135,15-05-13
1650.469971,136,16-05-13
1667.469971,137,17-05-13
1666.290039,140,20-05-13
1669.160034,141,21-05-13
1655.349976,142,22-05-13
1650.51001,143,23-05-13
1649.599976,144,24-05-13
1660.060059,148,28-05-13
1648.359985,149,29-05-13
1654.410034,150,30-05-13
1630.73999,151,31-05-13
1640.420044,154,03-06-13
1631.380005,155,04-06-13
1608.900024,156,05-06-13
1622.560059,157,06-06-13
1643.380005,158,07-06-13
1642.810059,161,10-06-13
1626.130005,162,11-06-13
1612.52002,163,12-06-13
1636.359985,164,13-06-13
1626.72998,165,14-06-13
1639.040039,168,17-06-13
1651.810059,169,18-06-13
1628.930054,170,19-06-13
1588.189941,171,20-06-13
1592.430054,172,21-06-13
1573.089966,175,24-06-13
1588.030029,176,25-06-13
1603.26001,177,26-06-13
1613.199951,178,27-06-13
1606.280029,179,28-06-13
1614.959961,182,01-07-13
1614.079956,183,02-07-13
1615.410034,184,03-07-13
1631.890015,186,05-07-13
1640.459961,189,08-07-13
1652.319946,190,09-07-13
1652.619995,191,10-07-13
1675.02002,192,11-07-13
1680.189941,193,12-07-13
1682.5,196,15-07-13
1676.26001,197,16-07-13
1680.910034,198,17-07-13
1689.369995,199,18-07-13
1692.089966,200,19-07-13
1695.530029,203,22-07-13
1692.390015,204,23-07-13
1685.939941,205,24-07-13
1690.25,206,25-07-13
1691.650024,207,26-07-13
1685.329956,210,29-07-13
1685.959961,211,30-07-13
1685.72998,212,31-07-13
1706.869995,213,01-08-13
1709.670044,214,02-08-13
1707.140015,217,05-08-13
1697.369995,218,06-08-13
1690.910034,219,07-08-13
1697.47998,220,08-08-13
1691.420044,221,09-08-13
1689.469971,224,12-08-13
1694.160034,225,13-08-13
1685.390015,226,14-08-13
1661.319946,227,15-08-13
1655.829956,228,16-08-13
1646.060059,231,19-08-13
1652.349976,232,20-08-13
1642.800049,233,21-08-13
1656.959961,234,22-08-13
1663.5,235,23-08-13
1656.780029,238,26-08-13
1630.47998,239,27-08-13
1634.959961,240,28-08-13
1638.170044,241,29-08-13
1632.969971,242,30-08-13
1639.77002,246,03-09-13
1653.079956,247,04-09-13
1655.079956,248,05-09-13
1655.170044,249,06-09-13
1671.709961,252,09-09-13
1683.98999,253,10-09-13
1689.130005,254,11-09-13
1683.420044,255,12-09-13
1687.98999,256,13-09-13
1697.599976,259,16-09-13
1704.76001,260,17-09-13
1725.52002,261,18-09-13
1722.339966,262,19-09-13
1709.910034,263,20-09-13
1701.839966,266,23-09-13
1697.420044,267,24-09-13
1692.77002,268,25-09-13
1698.670044,269,26-09-13
1691.75,270,27-09-13
1681.550049,273,30-09-13
1695,274,01-10-13
1693.869995,275,02-10-13
1678.660034,276,03-10-13
1690.5,277,04-10-13
1676.119995,280,07-10-13
1655.449951,281,08-10-13
1656.400024,282,09-10-13
1692.560059,283,10-10-13
1703.199951,284,11-10-13
1710.140015,287,14-10-13
1698.060059,288,15-10-13
1721.540039,289,16-10-13
1733.150024,290,17-10-13
1744.5,291,18-10-13
1744.660034,294,21-10-13
1754.670044,295,22-10-13
1746.380005,296,23-10-13
1752.069946,297,24-10-13
1759.77002,298,25-10-13
1762.109985,301,28-10-13
1771.949951,302,29-10-13
1763.310059,303,30-10-13
1756.540039,304,31-10-13
1761.640015,305,01-11-13
1767.930054,308,04-11-13
1762.969971,309,05-11-13
1770.48999,310,06-11-13
1747.150024,311,07-11-13
1770.609985,312,08-11-13
1771.890015,315,11-11-13
1767.689941,316,12-11-13
1782,317,13-11-13
1790.619995,318,14-11-13
1798.180054,319,15-11-13
1791.530029,322,18-11-13
1787.869995,323,19-11-13
1781.369995,324,20-11-13
1795.849976,325,21-11-13
1804.76001,326,22-11-13
1802.47998,329,25-11-13
1802.75,330,26-11-13
1807.22998,331,27-11-13
1805.810059,333,29-11-13
1800.900024,336,02-12-13
1795.150024,337,03-12-13
1792.810059,338,04-12-13
1785.030029,339,05-12-13
1805.089966,340,06-12-13
1808.369995,343,09-12-13
1802.619995,344,10-12-13
1782.219971,345,11-12-13
1775.5,346,12-12-13
1775.319946,347,13-12-13
1786.540039,350,16-12-13
1781,351,17-12-13
1810.650024,352,18-12-13
1809.599976,353,19-12-13
1818.319946,354,20-12-13
1827.98999,357,23-12-13
1833.319946,358,24-12-13
1842.02002,360,26-12-13
1841.400024,361,27-12-13
1841.069946,364,30-12-13
1848.359985,365,31-12-13
1831.97998,2,02-01-14
1831.369995,3,03-01-14
1826.77002,6,06-01-14
1837.880005,7,07-01-14
1837.48999,8,08-01-14
1838.130005,9,09-01-14
1842.369995,10,10-01-14
1819.199951,13,13-01-14
1838.880005,14,14-01-14
1848.380005,15,15-01-14
1845.890015,16,16-01-14
1838.699951,17,17-01-14
1843.800049,21,21-01-14
1844.859985,22,22-01-14
1828.459961,23,23-01-14
1790.290039,24,24-01-14
1781.560059,27,27-01-14
1792.5,28,28-01-14
1774.199951,29,29-01-14
1794.189941,30,30-01-14
1782.589966,31,31-01-14
1741.890015,34,03-02-14
1755.199951,35,04-02-14
1751.640015,36,05-02-14
1773.430054,37,06-02-14
1797.02002,38,07-02-14
1799.839966,41,10-02-14
1819.75,42,11-02-14
1819.26001,43,12-02-14
1829.829956,44,13-02-14
1838.630005,45,14-02-14
1840.76001,49,18-02-14
1828.75,50,19-02-14
1839.780029,51,20-02-14
1836.25,52,21-02-14
1847.609985,55,24-02-14
1845.119995,56,25-02-14
1845.160034,57,26-02-14
1854.290039,58,27-02-14
1859.449951,59,28-02-14
1845.72998,62,03-03-14
1873.910034,63,04-03-14
1873.810059,64,05-03-14
1877.030029,65,06-03-14
1878.040039,66,07-03-14
1877.170044,69,10-03-14
1867.630005,70,11-03-14
1868.199951,71,12-03-14
1846.339966,72,13-03-14
1841.130005,73,14-03-14
1858.829956,76,17-03-14
1872.25,77,18-03-14
1860.77002,78,19-03-14
1872.01001,79,20-03-14
1866.52002,80,21-03-14
1857.439941,83,24-03-14
1865.619995,84,25-03-14
1852.560059,85,26-03-14
1849.040039,86,27-03-14
1857.619995,87,28-03-14
1872.339966,90,31-03-14
1885.52002,91,01-04-14
1890.900024,92,02-04-14
1888.77002,93,03-04-14
1865.089966,94,04-04-14
1845.040039,97,07-04-14
1851.959961,98,08-04-14
1872.180054,99,09-04-14
1833.079956,100,10-04-14
1815.689941,101,11-04-14
1830.609985,104,14-04-14
1842.97998,105,15-04-14
1862.310059,106,16-04-14
1864.849976,107,17-04-14
1871.890015,111,21-04-14
1879.550049,112,22-04-14
1875.390015,113,23-04-14
1878.609985,114,24-04-14
1863.400024,115,25-04-14
1869.430054,118,28-04-14
1878.329956,119,29-04-14
1883.949951,120,30-04-14
1883.680054,121,01-05-14
1881.140015,122,02-05-14
1884.660034,125,05-05-14
1867.719971,126,06-05-14
1878.209961,127,07-05-14
1875.630005,128,08-05-14
1878.47998,129,09-05-14
1896.650024,132,12-05-14
1897.449951,133,13-05-14
1888.530029,134,14-05-14
1870.849976,135,15-05-14
1877.859985,136,16-05-14
1885.079956,139,19-05-14
1872.829956,140,20-05-14
1888.030029,141,21-05-14
1892.48999,142,22-05-14
1900.530029,143,23-05-14
1911.910034,147,27-05-14
1909.780029,148,28-05-14
1920.030029,149,29-05-14
1923.569946,150,30-05-14
1924.969971,153,02-06-14
1924.23999,154,03-06-14
1927.880005,155,04-06-14
1940.459961,156,05-06-14
1949.439941,157,06-06-14
1951.27002,160,09-06-14
1950.790039,161,10-06-14
1943.890015,162,11-06-14
1930.109985,163,12-06-14
1936.160034,164,13-06-14
1937.780029,167,16-06-14
1941.98999,168,17-06-14
1956.97998,169,18-06-14
1959.47998,170,19-06-14
1962.869995,171,20-06-14
1962.609985,174,23-06-14
1949.97998,175,24-06-14
1959.530029,176,25-06-14
1957.219971,177,26-06-14
1960.959961,178,27-06-14
1960.22998,181,30-06-14
1973.319946,182,01-07-14
1974.619995,183,02-07-14
1985.439941,184,03-07-14
1977.650024,188,07-07-14
1963.709961,189,08-07-14
1972.829956,190,09-07-14
1964.680054,191,10-07-14
1967.569946,192,11-07-14
1977.099976,195,14-07-14
1973.280029,196,15-07-14
1981.569946,197,16-07-14
1958.119995,198,17-07-14
1978.219971,199,18-07-14
1973.630005,202,21-07-14
1983.530029,203,22-07-14
1987.01001,204,23-07-14
1987.97998,205,24-07-14
1978.339966,206,25-07-14
1978.910034,209,28-07-14
1969.949951,210,29-07-14
1970.069946,211,30-07-14
1930.670044,212,31-07-14
1925.150024,213,01-08-14
1938.98999,216,04-08-14
1920.209961,217,05-08-14
1920.23999,218,06-08-14
1909.569946,219,07-08-14
1931.589966,220,08-08-14
1936.920044,223,11-08-14
1933.75,224,12-08-14
1946.719971,225,13-08-14
1955.180054,226,14-08-14
1955.060059,227,15-08-14
1971.73999,230,18-08-14
1981.599976,231,19-08-14
1986.51001,232,20-08-14
1992.369995,233,21-08-14
1988.400024,234,22-08-14
1997.920044,237,25-08-14
2000.02002,238,26-08-14
2000.119995,239,27-08-14
1996.73999,240,28-08-14
2003.369995,241,29-08-14
2002.280029,245,02-09-14
2000.719971,246,03-09-14
1997.650024,247,04-09-14
2007.709961,248,05-09-14
2001.540039,251,08-09-14
1988.439941,252,09-09-14
1995.689941,253,10-09-14
1997.449951,254,11-09-14
1985.540039,255,12-09-14
1984.130005,258,15-09-14
1998.97998,259,16-09-14
2001.569946,260,17-09-14
2011.359985,261,18-09-14
2010.400024,262,19-09-14
1994.290039,265,22-09-14
1982.77002,266,23-09-14
1998.300049,267,24-09-14
1965.98999,268,25-09-14
1982.849976,269,26-09-14
1977.800049,272,29-09-14
1972.290039,273,30-09-14
1946.160034,274,01-10-14
1946.170044,275,02-10-14
1967.900024,276,03-10-14
1964.819946,279,06-10-14
1935.099976,280,07-10-14
1968.890015,281,08-10-14
1928.209961,282,09-10-14
1906.130005,283,10-10-14
1874.73999,286,13-10-14
1877.699951,287,14-10-14
1862.48999,288,15-10-14
1862.76001,289,16-10-14
1886.76001,290,17-10-14
1904.01001,293,20-10-14
1941.280029,294,21-10-14
1927.109985,295,22-10-14
1950.819946,296,23-10-14
1964.579956,297,24-10-14
1961.630005,300,27-10-14
1985.050049,301,28-10-14
1982.300049,302,29-10-14
1994.650024,303,30-10-14
2018.050049,304,31-10-14
2017.810059,307,03-11-14
2012.099976,308,04-11-14
2023.569946,309,05-11-14
2031.209961,310,06-11-14
2031.920044,311,07-11-14
2038.26001,314,10-11-14
2039.680054,315,11-11-14
2038.25,316,12-11-14
2039.329956,317,13-11-14
2039.819946,318,14-11-14
2041.319946,321,17-11-14
2051.800049,322,18-11-14
2048.719971,323,19-11-14
2052.75,324,20-11-14
2063.5,325,21-11-14
2069.409912,328,24-11-14
2067.030029,329,25-11-14
2072.830078,330,26-11-14
2067.560059,332,28-11-14
2053.439941,335,01-12-14
2066.550049,336,02-12-14
2074.330078,337,03-12-14
2071.919922,338,04-12-14
2075.370117,339,05-12-14
2060.310059,342,08-12-14
2059.820068,343,09-12-14
2026.140015,344,10-12-14
2035.329956,345,11-12-14
2002.329956,346,12-12-14
1989.630005,349,15-12-14
1972.73999,350,16-12-14
2012.890015,351,17-12-14
2061.22998,352,18-12-14
2070.649902,353,19-12-14
2078.540039,356,22-12-14
2082.169922,357,23-12-14
2081.879883,358,24-12-14
2088.77002,360,26-12-14
2090.570068,363,29-12-14
2080.350098,364,30-12-14
2058.899902,365,31-12-14
2058.199951,2,02-01-15
2020.579956,5,05-01-15
2002.609985,6,06-01-15
2025.900024,7,07-01-15
2062.139893,8,08-01-15
2044.810059,9,09-01-15
2028.26001,12,12-01-15
2023.030029,13,13-01-15
2011.27002,14,14-01-15
1992.670044,15,15-01-15
2019.420044,16,16-01-15
2022.550049,20,20-01-15
2032.119995,21,21-01-15
2063.149902,22,22-01-15
2051.820068,23,23-01-15
2057.090088,26,26-01-15
2029.550049,27,27-01-15
2002.160034,28,28-01-15
2021.25,29,29-01-15
1994.98999,30,30-01-15
2020.849976,33,02-02-15
2050.030029,34,03-02-15
2041.51001,35,04-02-15
2062.52002,36,05-02-15
2055.469971,37,06-02-15
2046.73999,40,09-02-15
2068.590088,41,10-02-15
2068.530029,42,11-02-15
2088.47998,43,12-02-15
2096.98999,44,13-02-15
2100.340088,48,17-02-15
2099.679932,49,18-02-15
2097.449951,50,19-02-15
2110.300049,51,20-02-15
2109.659912,54,23-02-15
2115.47998,55,24-02-15
2113.860107,56,25-02-15
2110.73999,57,26-02-15
2104.5,58,27-02-15
2117.389893,61,02-03-15
2107.780029,62,03-03-15
2098.530029,63,04-03-15
2101.040039,64,05-03-15
2071.26001,65,06-03-15
2079.429932,68,09-03-15
2044.160034,69,10-03-15
2040.23999,70,11-03-15
2065.949951,71,12-03-15
2053.399902,72,13-03-15
2081.189941,75,16-03-15
2074.280029,76,17-03-15
2099.5,77,18-03-15
2089.27002,78,19-03-15
2108.100098,79,20-03-15
2104.419922,82,23-03-15
2091.5,83,24-03-15
2061.050049,84,25-03-15
2056.149902,85,26-03-15
2061.02002,86,27-03-15
2086.23999,89,30-03-15
2067.889893,90,31-03-15
2059.689941,91,01-04-15
2066.959961,92,02-04-15
2080.620117,96,06-04-15
2076.330078,97,07-04-15
2081.899902,98,08-04-15
2091.179932,99,09-04-15
2102.060059,100,10-04-15
2092.429932,103,13-04-15
2095.840088,104,14-04-15
2106.629883,105,15-04-15
2104.98999,106,16-04-15
2081.179932,107,17-04-15
2100.399902,110,20-04-15
2097.290039,111,21-04-15
2107.959961,112,22-04-15
2112.929932,113,23-04-15
2117.689941,114,24-04-15
2108.919922,117,27-04-15
2114.76001,118,28-04-15
2106.850098,119,29-04-15
2085.51001,120,30-04-15
2108.290039,121,01-05-15
2114.48999,124,04-05-15
2089.459961,125,05-05-15
2080.149902,126,06-05-15
2088,127,07-05-15
2116.100098,128,08-05-15
2105.330078,131,11-05-15
2099.120117,132,12-05-15
2098.47998,133,13-05-15
2121.100098,134,14-05-15
2122.72998,135,15-05-15
2129.199951,138,18-05-15
2127.830078,139,19-05-15
2125.850098,140,20-05-15
2130.820068,141,21-05-15
2126.060059,142,22-05-15
2104.199951,146,26-05-15
2123.47998,147,27-05-15
2120.790039,148,28-05-15
2107.389893,149,29-05-15
2111.72998,152,01-06-15
2109.600098,153,02-06-15
2114.070068,154,03-06-15
2095.840088,155,04-06-15
2092.830078,156,05-06-15
2079.280029,159,08-06-15
2080.149902,160,09-06-15
2105.199951,161,10-06-15
2108.860107,162,11-06-15
2094.110107,163,12-06-15
2084.429932,166,15-06-15
2096.290039,167,16-06-15
2100.439941,168,17-06-15
2121.23999,169,18-06-15
2109.98999,170,19-06-15
2122.850098,173,22-06-15
2124.199951,174,23-06-15
2108.580078,175,24-06-15
2102.310059,176,25-06-15
2101.48999,177,26-06-15
2057.639893,180,29-06-15
2063.110107,181,30-06-15
2077.419922,182,01-07-15
2076.780029,183,02-07-15
2068.76001,187,06-07-15
2081.340088,188,07-07-15
2046.680054,189,08-07-15
2051.310059,190,09-07-15
2076.620117,191,10-07-15
2099.600098,194,13-07-15
2108.949951,195,14-07-15
2107.399902,196,15-07-15
2124.290039,197,16-07-15
2126.639893,198,17-07-15
2128.280029,201,20-07-15
2119.209961,202,21-07-15
2114.149902,203,22-07-15
2102.149902,204,23-07-15
2079.649902,205,24-07-15
2067.639893,208,27-07-15
2093.25,209,28-07-15
2108.570068,210,29-07-15
2108.629883,211,30-07-15
2103.840088,212,31-07-15
2098.040039,215,03-08-15
2093.320068,216,04-08-15
2099.840088,217,05-08-15
2083.560059,218,06-08-15
2077.570068,219,07-08-15
2104.179932,222,10-08-15
2084.070068,223,11-08-15
2086.050049,224,12-08-15
2083.389893,225,13-08-15
2091.540039,226,14-08-15
2102.439941,229,17-08-15
2096.919922,230,18-08-15
2079.610107,231,19-08-15
2035.72998,232,20-08-15
1970.890015,233,21-08-15
1893.209961,236,24-08-15
1867.609985,237,25-08-15
1940.51001,238,26-08-15
1987.660034,239,27-08-15
1988.869995,240,28-08-15
1972.180054,243,31-08-15
1913.849976,244,01-09-15
1948.859985,245,02-09-15
1951.130005,246,03-09-15
1921.219971,247,04-09-15
1969.410034,251,08-09-15
1942.040039,252,09-09-15
1952.290039,253,10-09-15
1961.050049,254,11-09-15
1953.030029,257,14-09-15
1978.089966,258,15-09-15
1995.310059,259,16-09-15
1990.199951,260,17-09-15
1958.030029,261,18-09-15
1966.969971,264,21-09-15
1942.73999,265,22-09-15
1938.76001,266,23-09-15
1932.23999,267,24-09-15
1931.339966,268,25-09-15
1881.77002,271,28-09-15
1884.089966,272,29-09-15
1920.030029,273,30-09-15
1923.819946,274,01-10-15
1951.359985,275,02-10-15
1987.050049,278,05-10-15
1979.920044,279,06-10-15
1995.829956,280,07-10-15
2013.430054,281,08-10-15
2014.890015,282,09-10-15
2017.459961,285,12-10-15
2003.689941,286,13-10-15
1994.23999,287,14-10-15
2023.859985,288,15-10-15
2033.109985,289,16-10-15
2033.660034,292,19-10-15
2030.77002,293,20-10-15
2018.939941,294,21-10-15
2052.51001,295,22-10-15
2075.149902,296,23-10-15
2071.179932,299,26-10-15
2065.889893,300,27-10-15
2090.350098,301,28-10-15
2089.409912,302,29-10-15
2079.360107,303,30-10-15
2104.050049,306,02-11-15
2109.790039,307,03-11-15
2102.310059,308,04-11-15
2099.929932,309,05-11-15
2099.199951,310,06-11-15
2078.580078,313,09-11-15
2081.719971,314,10-11-15
2075,315,11-11-15
2045.969971,316,12-11-15
2023.040039,317,13-11-15
2053.189941,320,16-11-15
2050.439941,321,17-11-15
2083.580078,322,18-11-15
2081.23999,323,19-11-15
2089.169922,324,20-11-15
2086.590088,327,23-11-15
2089.139893,328,24-11-15
2088.870117,329,25-11-15
2090.110107,331,27-11-15
2080.409912,334,30-11-15
2102.629883,335,01-12-15
2079.51001,336,02-12-15
2049.620117,337,03-12-15
2091.689941,338,04-12-15
2077.070068,341,07-12-15
2063.590088,342,08-12-15
2047.619995,343,09-12-15
2052.22998,344,10-12-15
2012.369995,345,11-12-15
2021.939941,348,14-12-15
2043.410034,349,15-12-15
2073.070068,350,16-12-15
2041.890015,351,17-12-15
2005.550049,352,18-12-15
2021.150024,355,21-12-15
2038.969971,356,22-12-15
2064.290039,357,23-12-15
2060.98999,358,24-12-15
2056.5,362,28-12-15
2078.360107,363,29-12-15
2063.360107,364,30-12-15
2043.939941,365,31-12-15
